PMID,Title,Authors,Citation,First Author,Journal/Book,Publication Year,Create Date,PMCID,NIHMS ID,DOI
"39472581","Human adipose and umbilical cord mesenchymal stem cell-derived extracellular vesicles mitigate photoaging via TIMP1/Notch1","Zhang H, Xiao X, Wang L, Shi X, Fu N, Wang S, Zhao RC.","Signal Transduct Target Ther. 2024 Oct 30;9(1):294. doi: 10.1038/s41392-024-01993-z.","Zhang H","Signal Transduct Target Ther","2024","2024/10/30","PMC11522688","","10.1038/s41392-024-01993-z"
"40516525","Senescence-resistant human mesenchymal progenitor cells counter aging in primates","Lei J, Xin Z, Liu N, Ning T, Jing Y, Qiao Y, He Z, Jiang M, Yang Y, Zhang Z, Zhao L, Li J, Lv D, Yan Y, Zhang H, Xiao L, Zhang B, Huang H, Sun S, Zheng F, Jiang X, Lu H, Dong X, Yue S, Ma C, Shuai J, Ji Z, Liu F, Ye Y, Yan K, Hu Q, Xu G, Zhao Q, Wu R, Cai Y, Fan Y, Jing Y, Wang Q, Reddy P, Lu X, Zheng Z, Liu B, Haghani A, Ma S, Suzuki K, Rodriguez Esteban C, Yang J, Song M, Horvath S, Zhang W, Li W, Xiang AP, Zhu L, Fu X, Zhao G, Belmonte JCI, Qu J, Wang S, Liu GH.","Cell. 2025 Sep 4;188(18):5039-5061.e35. doi: 10.1016/j.cell.2025.05.021. Epub 2025 Jun 13.","Lei J","Cell","2025","2025/06/14","","","10.1016/j.cell.2025.05.021"
"38874170","Decoding the Implications of Glucagon-like Peptide-1 Receptor Agonists on Accelerated Facial and Skin Aging","Ridha Z, Fabi SG, Zubar R, Dayan SH.","Aesthet Surg J. 2024 Oct 15;44(11):NP809-NP818. doi: 10.1093/asj/sjae132.","Ridha Z","Aesthet Surg J","2024","2024/06/14","","","10.1093/asj/sjae132"
"39322711","Epcoritamab in relapsed/refractory large B-cell lymphoma: 2-year follow-up from the pivotal EPCORE NHL-1 trial","Thieblemont C, Karimi YH, Ghesquieres H, Cheah CY, Clausen MR, Cunningham D, Jurczak W, Do YR, Gasiorowski R, Lewis DJ, Kim TM, van der Poel M, Poon ML, Feldman T, Linton KM, Sureda A, Hutchings M, Dinh MH, Kilavuz N, Soong D, Mark T, Sacchi M, Phillips T, Lugtenburg PJ.","Leukemia. 2024 Dec;38(12):2653-2662. doi: 10.1038/s41375-024-02410-8. Epub 2024 Sep 25.","Thieblemont C","Leukemia","2024","2024/09/25","PMC11588654","","10.1038/s41375-024-02410-8"
"39147076","Sarcopenic obesity and osteoporosis: Research progress and hot spots","Fan S, Cai Y, Wei Y, Yang J, Gao J, Yang Y.","Exp Gerontol. 2024 Oct 1;195:112544. doi: 10.1016/j.exger.2024.112544. Epub 2024 Aug 22.","Fan S","Exp Gerontol","2024","2024/08/15","","","10.1016/j.exger.2024.112544"
"40065171","Allogeneic mesenchymal stem cell therapy with laromestrocel in mild Alzheimer's disease: a randomized controlled phase 2a trial","Rash BG, Ramdas KN, Agafonova N, Naioti E, McClain-Moss L, Zainul Z, Varnado B, Peterson K, Brown M, Leal T, Kopcho S, Carballosa R, Patel P, Brody M, Herskowitz B, Fuquay A, Rodriguez S, Jacobson AF, Leon R, Pfeffer M, Schwartzbard JB, Botbyl J, Oliva AA Jr, Hare JM.","Nat Med. 2025 Apr;31(4):1257-1266. doi: 10.1038/s41591-025-03559-0. Epub 2025 Mar 10.","Rash BG","Nat Med","2025","2025/03/11","PMC12003194","","10.1038/s41591-025-03559-0"
"40311141","Acalabrutinib Plus Bendamustine-Rituximab in Untreated Mantle Cell Lymphoma","Wang M, Salek D, Belada D, Song Y, Jurczak W, Kahl BS, Paludo J, Chu MP, Kryachok I, Fogliatto L, Cheah CY, Morawska M, Sancho JM, Li Y, Patti C, Forsyth C, Zhang J, Lesley R, Ramadan S, Rule S, Dreyling M; ECHO investigators; ECHO Investigators.","J Clin Oncol. 2025 Jul 10;43(20):2276-2284. doi: 10.1200/JCO-25-00690. Epub 2025 May 1.","Wang M","J Clin Oncol","2025","2025/05/01","PMC12225732","","10.1200/JCO-25-00690"
"39479450","Mitochondrial transfer balances cell redox, energy and metabolic homeostasis in the osteoarthritic chondrocyte preserving cartilage integrity","Court AC, Vega-Letter AM, Parra-Crisóstomo E, Velarde F, García C, Ortloff A, Vernal R, Pradenas C, Luz-Crawford P, Khoury M, Figueroa FE.","Theranostics. 2024 Oct 7;14(17):6471-6486. doi: 10.7150/thno.96723. eCollection 2024.","Court AC","Theranostics","2024","2024/10/31","PMC11519804","","10.7150/thno.96723"
"39986119","Mesenchymal stem cell-derived extracellular vesicles attenuate ferroptosis in aged hepatic ischemia/reperfusion injury by transferring miR-1275","Gong Y, You Q, Yuan X, Zeng F, Zhang F, Xiao J, Chen H, Liu Y, Wang T, Yan X, Chen W, Zhang Y, Zhang Q, Yao J, Zhang J, Li R, Zheng J.","Redox Biol. 2025 Apr;81:103556. doi: 10.1016/j.redox.2025.103556. Epub 2025 Feb 18.","Gong Y","Redox Biol","2025","2025/02/22","PMC11893313","","10.1016/j.redox.2025.103556"
"40414798","Adipose Mesenchymal Stem Cell-Derived Exosomes Versus Platelet-Rich Plasma Treatment for Photoaged Facial Skin: An Investigator-Blinded, Split-Face, Non-Inferiority Trial","Estupiñan B, Ly K, Goldberg DJ.","J Cosmet Dermatol. 2025 May;24(5):e70208. doi: 10.1111/jocd.70208.","Estupiñan B","J Cosmet Dermatol","2025","2025/05/25","PMC12104007","","10.1111/jocd.70208"
"40394561","Efficacy of topical mesenchymal stem cell exosome in Sjögren's syndrome-related dry eye: a randomized clinical trial","Habibi A, Khosravi A, Soleimani M, Nejabat M, Dara M, Azarpira N.","BMC Ophthalmol. 2025 May 20;25(1):299. doi: 10.1186/s12886-025-04078-9.","Habibi A","BMC Ophthalmol","2025","2025/05/20","PMC12090426","","10.1186/s12886-025-04078-9"
"40011751","Bone and muscle crosstalk in ageing and disease","Kirk B, Lombardi G, Duque G.","Nat Rev Endocrinol. 2025 Jun;21(6):375-390. doi: 10.1038/s41574-025-01088-x. Epub 2025 Feb 26.","Kirk B","Nat Rev Endocrinol","2025","2025/02/26","","","10.1038/s41574-025-01088-x"
"39333316","SARS-CoV-2-specific plasma cells are not durably established in the bone marrow long-lived compartment after mRNA vaccination","Nguyen DC, Hentenaar IT, Morrison-Porter A, Solano D, Haddad NS, Castrillon C, Runnstrom MC, Lamothe PA, Andrews J, Roberts D, Lonial S, Sanz I, Lee FE.","Nat Med. 2025 Jan;31(1):235-244. doi: 10.1038/s41591-024-03278-y. Epub 2024 Sep 27.","Nguyen DC","Nat Med","2025","2024/09/27","PMC11750719","NIHMS2035548","10.1038/s41591-024-03278-y"
"39097205","ALDH2 regulates mesenchymal stem cell senescence via modulation of mitochondrial homeostasis","Shen Y, Hong Y, Huang X, Chen J, Li Z, Qiu J, Liang X, Mai C, Li W, Li X, Zhang Y.","Free Radic Biol Med. 2024 Oct;223:172-183. doi: 10.1016/j.freeradbiomed.2024.07.040. Epub 2024 Aug 4.","Shen Y","Free Radic Biol Med","2024","2024/08/03","","","10.1016/j.freeradbiomed.2024.07.040"
"40063797","Periarteriolar niches become inflamed in aging bone marrow, remodeling the stromal microenvironment and depleting lymphoid progenitors","Du L, Freitas-Cortez MA, Zhang J, Xue Y, Veettil RT, Zhao Z, Morrison SJ.","Proc Natl Acad Sci U S A. 2025 Mar 18;122(11):e2412317122. doi: 10.1073/pnas.2412317122. Epub 2025 Mar 10.","Du L","Proc Natl Acad Sci U S A","2025","2025/03/10","PMC11929388","","10.1073/pnas.2412317122"
"40252437","Qi-Gu capsule alleviates osteoporosis by inhibiting mesenchymal stem cell senescence via the HIF-1α/AMPK axis","Wan X, Xu P, Zhou X, Liu J, Yang Y, Liang C, Wang J, Wang W, Xu F, Wan X, Kang J, Tong P, Xia H.","Phytomedicine. 2025 Jul;142:156764. doi: 10.1016/j.phymed.2025.156764. Epub 2025 Apr 14.","Wan X","Phytomedicine","2025","2025/04/19","","","10.1016/j.phymed.2025.156764"
"39225325","Bmi-1 Epigenetically Orchestrates Osteogenic and Adipogenic Differentiation of Bone Marrow Mesenchymal Stem Cells to Delay Bone Aging","Zhao J, Chen A, Wang R, Qiu D, Chen H, Li J, Zhang J, Wang T, Wang Y, Lin Y, Zhou J, Du Y, Yuan H, Zhang Y, Miao D, Wang Y, Jin J.","Adv Sci (Weinh). 2024 Dec;11(46):e2404518. doi: 10.1002/advs.202404518. Epub 2024 Sep 3.","Zhao J","Adv Sci (Weinh)","2024","2024/09/03","PMC11633582","","10.1002/advs.202404518"
"39988872","Lyophilized apoptotic vesicles improve hemostasis and bone regeneration in traumatic patients with impacted third molar extraction","Jiang Y, Li X, Huang R, Lei F, Li L, Yang B, Zen W, Tan H, Huang Y, Hu J, Xiong Y, Wang Z, Chen Z, Chen L, Shi S, Mao X.","Mol Ther. 2025 Jun 4;33(6):2931-2944. doi: 10.1016/j.ymthe.2025.02.033. Epub 2025 Feb 22.","Jiang Y","Mol Ther","2025","2025/02/24","PMC12172171","","10.1016/j.ymthe.2025.02.033"
"39714585","Mesenchymal Stromal Cell (MSC) Isolation and Induction of Acute and Replicative Senescence","Samiminemati A, Shahzaib M, Moriello C, Alessio N, Aprile D, Squillaro T, Di Bernardo G, Galderisi U.","Methods Mol Biol. 2025;2960:203-215. doi: 10.1007/7651_2024_580.","Samiminemati A","Methods Mol Biol","2025","2024/12/23","","","10.1007/7651_2024_580"
"39978750","Bone marrow niches for hematopoietic stem cells in homeostasis and aging","Nakatani T, Nagasawa T.","Exp Hematol. 2025 Apr;144:104749. doi: 10.1016/j.exphem.2025.104749. Epub 2025 Feb 18.","Nakatani T","Exp Hematol","2025","2025/02/20","","","10.1016/j.exphem.2025.104749"
"39558365","Clinical outcomes of autologous adipose-derived mesenchymal stem cell combined with high tibial osteotomy for knee osteoarthritis are correlated with stem cell stemness and senescence","Sun H, Zhai H, Han K, Ma H, Tan Y, Li S, Liu Z, Cheng L, Lu Q, Zhou L, Liu P.","J Transl Med. 2024 Nov 18;22(1):1039. doi: 10.1186/s12967-024-05814-3.","Sun H","J Transl Med","2024","2024/11/19","PMC11575038","","10.1186/s12967-024-05814-3"
"39680455","Endothelial BMAL1 decline during aging leads to bone loss by destabilizing extracellular fibrillin-1","Yin Y, Tang Q, Yang J, Gui S, Zhang Y, Shen Y, Zhou X, Yu S, Chen G, Sun J, Han Z, Zhang L, Chen L.","J Clin Invest. 2024 Dec 16;134(24):e176660. doi: 10.1172/JCI176660.","Yin Y","J Clin Invest","2024","2024/12/16","PMC11645155","","10.1172/JCI176660"
"39567511","Disorganized chromatin hierarchy and stem cell aging in a male patient of atypical laminopathy-based progeria mandibuloacral dysplasia type A","Jin W, Jiang S, Liu X, He Y, Li T, Ma J, Chen Z, Lu X, Liu X, Shou W, Jin G, Ding J, Zhou Z.","Nat Commun. 2024 Nov 20;15(1):10046. doi: 10.1038/s41467-024-54338-3.","Jin W","Nat Commun","2024","2024/11/20","PMC11579472","","10.1038/s41467-024-54338-3"
"40680126","Multiomic identification of senescent stem cell populations critical for osteoarthritis progression and therapy in subchondral bones","Li PL, Tang J, Li XT, Zhao SR, Xu RX, Zhao ZD, Li ZL, Li ZL, Yin BF, Yu FH, Wu CT, Zhu H.","Sci Adv. 2025 Jul 18;11(29):eadu2294. doi: 10.1126/sciadv.adu2294. Epub 2025 Jul 18.","Li PL","Sci Adv","2025","2025/07/18","PMC12273767","","10.1126/sciadv.adu2294"
"40713733","Advances in mesenchymal stem cell and exosome-based therapies for aging and age-related diseases","Li H, Bai L.","Stem Cell Res Ther. 2025 Jul 26;16(1):401. doi: 10.1186/s13287-025-04318-1.","Li H","Stem Cell Res Ther","2025","2025/07/27","PMC12296599","","10.1186/s13287-025-04318-1"
"39350270","Bone marrow mesenchymal stem cell and mononuclear cell combination therapy in patients with type 2 diabetes mellitus: a randomized controlled study with 8-year follow-up","Wu Z, Huang S, Li S, Cai J, Huang L, Wu W, Chen J, Tan J.","Stem Cell Res Ther. 2024 Sep 30;15(1):339. doi: 10.1186/s13287-024-03907-w.","Wu Z","Stem Cell Res Ther","2024","2024/10/01","PMC11443831","","10.1186/s13287-024-03907-w"
"39322407","Effect of mesenchymal stem cells on the host response in severe community-acquired pneumonia","Reijnders TDY, Laterre PF, François B, Sánchez García M, van Engelen TSR, Sie D, Scicluna BP, Ostanin DV, Galinsky KJ, Butler JM, Lombardo E, van der Poll T; SEPCELL study group.","Thorax. 2024 Oct 16;79(11):1086-1090. doi: 10.1136/thorax-2024-222026.","Reijnders TDY","Thorax","2024","2024/09/25","PMC11503173","","10.1136/thorax-2024-222026"
"39120048","The Matrix Protein Tropoelastin Prolongs Mesenchymal Stromal Cell Vitality and Delays Senescence During Replicative Aging","Lee SS, Al Halawani A, Teo JD, Weiss AS, Yeo GC.","Adv Sci (Weinh). 2024 Oct;11(39):e2402168. doi: 10.1002/advs.202402168. Epub 2024 Aug 9.","Lee SS","Adv Sci (Weinh)","2024","2024/08/09","PMC11497112","","10.1002/advs.202402168"
"40498168","GLP-1RA and the possible skin aging","Paschou IA, Sali E, Paschou SA, Tsamis KI, Peppa M, Psaltopoulou T, Nicolaidou E, Stratigos AJ.","Endocrine. 2025 Sep;89(3):680-685. doi: 10.1007/s12020-025-04293-w. Epub 2025 Jun 11.","Paschou IA","Endocrine","2025","2025/06/11","PMC12370548","","10.1007/s12020-025-04293-w"
"39258545","CRISPR screening uncovers nucleolar RPL22 as a heterochromatin destabilizer and senescence driver","Li HY, Wang M, Jiang X, Jing Y, Wu Z, He Y, Yan K, Sun S, Ma S, Ji Z, Wang S, Belmonte JCI, Qu J, Zhang W, Wei T, Liu GH.","Nucleic Acids Res. 2024 Oct 28;52(19):11481-11499. doi: 10.1093/nar/gkae740.","Li HY","Nucleic Acids Res","2024","2024/09/11","PMC11514463","","10.1093/nar/gkae740"
"39326680","STING regulates aging-related osteoporosis by mediating the Hk2-Vdac1 mitochondrial axis","Cai W, Zhao J, Chen Y, Gao N, Gao B, Liu Z, Huang T, Dong L, Yang G, Wang Y.","Free Radic Biol Med. 2024 Nov 20;225:1-14. doi: 10.1016/j.freeradbiomed.2024.09.031. Epub 2024 Sep 24.","Cai W","Free Radic Biol Med","2024","2024/09/26","","","10.1016/j.freeradbiomed.2024.09.031"
"40349806","Mesenchymal stem cells and exosomes: A novel therapeutic approach for aging","Lan D, Zhang D, Dai X, Cai J, Zhou H, Song T, Wang X, Kong Q, Tang Z, Tan J, Zhang J.","Exp Gerontol. 2025 Jul;206:112781. doi: 10.1016/j.exger.2025.112781. Epub 2025 May 9.","Lan D","Exp Gerontol","2025","2025/05/11","","","10.1016/j.exger.2025.112781"
"39931529","Umbilical Cord Mesenchymal Stromal Cell-Derived Small Extracellular Vesicles Modulate Skin Matrix Synthesis and Pigmentation","Kee LT, Foo JB, How CW, Nur Azurah AG, Chan HH, Mohd Yunus MH, Ng SN, Ng MH, Law JX.","Int J Nanomedicine. 2025 Feb 4;20:1561-1578. doi: 10.2147/IJN.S497940. eCollection 2025.","Kee LT","Int J Nanomedicine","2025","2025/02/11","PMC11807784","","10.2147/IJN.S497940"
"40073811","Aging and autophagic phenotypic changes in bone marrow mesenchymal stem cells in glucocorticoid-induced osteonecrosis","Cao R, Li H, Liu G, Yan P, Zhang J, Chen Y, Duan X, Zhao Y, Lei Y, Liu C, Guan H, Xing F, Li Y, Wang K, Kong N, Tian R, Yang P.","Int Immunopharmacol. 2025 Apr 16;152:114389. doi: 10.1016/j.intimp.2025.114389. Epub 2025 Mar 11.","Cao R","Int Immunopharmacol","2025","2025/03/12","","","10.1016/j.intimp.2025.114389"
"39551987","Cordycepin-Loaded Dental Pulp Stem Cell-Derived Exosomes Promote Aged Bone Repair by Rejuvenating Senescent Mesenchymal Stem Cells and Endothelial Cells","Wang Y, Jin S, Guo Y, Zhu L, Lu Y, Li J, Heng BC, Liu Y, Deng X.","Adv Healthc Mater. 2025 Jan;14(2):e2402909. doi: 10.1002/adhm.202402909. Epub 2024 Nov 17.","Wang Y","Adv Healthc Mater","2025","2024/11/18","","","10.1002/adhm.202402909"
"39595531","Advancements in Research on Mesenchymal Stem-Cell-Derived Exosomal miRNAs: A Pivotal Insight into Aging and Age-Related Diseases","Huang M, Liu Y, Zhang L, Wang S, Wang X, He Z.","Biomolecules. 2024 Oct 24;14(11):1354. doi: 10.3390/biom14111354.","Huang M","Biomolecules","2024","2024/11/27","PMC11592330","","10.3390/biom14111354"
"39366758","Bone marrow-derived mesenchymal stem cell ameliorates post-stroke enterobacterial translocation through liver-gut axis","Su X, Li T, Wang Y, Wei L, Jian B, Kang X, Hu M, Li C, Wang S, Lu D, Shen S, Huang H, Liu Y, Deng X, Zhang B, Cai W, Lu Z.","Stroke Vasc Neurol. 2025 Jun 30;10(3):359-370. doi: 10.1136/svn-2024-003494.","Su X","Stroke Vasc Neurol","2025","2024/10/04","PMC12230223","","10.1136/svn-2024-003494"
"39841001","IL-1R1 and IL-18 signals regulate mesenchymal stromal cells in an aged murine model of myelodysplastic syndromes","Kawano Y, Kawano H, LaMere MW, LaMere EA, Byun DK, McGrath KE, Palis J, Bajaj J, Liesveld JL, Katayama Y, Yamazaki S, Kapur R, Calvi LM, Ho TC, Becker MW.","Blood. 2025 Apr 10;145(15):1632-1644. doi: 10.1182/blood.2024024818.","Kawano Y","Blood","2025","2025/01/22","PMC12000655","","10.1182/blood.2024024818"
"39623426","Safety and therapeutic potential of allogeneic adipose-derived stem cell spray transplantation in ischemic cardiomyopathy: a phase I clinical trial","Kawamura T, Yoshioka D, Kawamura A, Misumi Y, Taguchi T, Mori D, Saito S, Yamauchi T, Hata H, Miyagawa S.","J Transl Med. 2024 Dec 2;22(1):1091. doi: 10.1186/s12967-024-05816-1.","Kawamura T","J Transl Med","2024","2024/12/02","PMC11610074","","10.1186/s12967-024-05816-1"
"40852442","A Systematic Review of Adipose-Derived Cell Therapies on Skin Quality","Chon J, Randall SE, Schumann TA, Nguyen AT, Abu-Romman A, Melnick BA, Laiwalla R, Li RA, Galiano RD.","Aesthet Surg J Open Forum. 2025 Jul 18;7:ojaf098. doi: 10.1093/asjof/ojaf098. eCollection 2025.","Chon J","Aesthet Surg J Open Forum","2025","2025/08/25","PMC12368954","","10.1093/asjof/ojaf098"
"39506818","Emerging insights into epigenetics and hematopoietic stem cell trafficking in age-related hematological malignancies","Xinyi Y, Vladimirovich RI, Beeraka NM, Satyavathi A, Kamble D, Nikolenko VN, Lakshmi AN, Basappa B, Reddy Y P, Fan R, Liu J.","Stem Cell Res Ther. 2024 Nov 6;15(1):401. doi: 10.1186/s13287-024-04008-4.","Xinyi Y","Stem Cell Res Ther","2024","2024/11/07","PMC11539620","","10.1186/s13287-024-04008-4"
"39684619","Mesenchymal Stromal Cells for Aging Cartilage Regeneration: A Review","Wu KC, Chang YH, Ding DC, Lin SZ.","Int J Mol Sci. 2024 Nov 30;25(23):12911. doi: 10.3390/ijms252312911.","Wu KC","Int J Mol Sci","2024","2024/12/17","PMC11641625","","10.3390/ijms252312911"
"39922812","Golgi-restored vesicular replenishment retards bone aging and empowers aging bone regeneration","Liu P, Guo H, Huang X, Liu A, Zhu T, Zheng C, Fu F, Zhang K, Li S, Luo X, Tian J, Jin Y, Xuan K, Sui B.","Bone Res. 2025 Feb 8;13(1):21. doi: 10.1038/s41413-024-00386-w.","Liu P","Bone Res","2025","2025/02/08","PMC11807224","","10.1038/s41413-024-00386-w"
"39679606","Plasma p-tau217 in Alzheimer's disease: Lumipulse and ALZpath SIMOA head-to-head comparison","Pilotto A, Quaresima V, Trasciatti C, Tolassi C, Bertoli D, Mordenti C, Galli A, Rizzardi A, Caratozzolo S, Zancanaro A, Contador J, Hansson O, Palmqvist S, De Santis G, Zetterberg H, Blennow K, Brugnoni D, Suárez-Calvet M, Ashton NJ, Padovani A.","Brain. 2025 Feb 3;148(2):408-415. doi: 10.1093/brain/awae368.","Pilotto A","Brain","2025","2024/12/16","PMC11788209","","10.1093/brain/awae368"
"39289765","Senescent lung-resident mesenchymal stem cells drive pulmonary fibrogenesis through FGF-4/FOXM1 axis","Liu Y, Ji J, Zheng S, Wei A, Li D, Shi B, Han X, Chen X.","Stem Cell Res Ther. 2024 Sep 18;15(1):309. doi: 10.1186/s13287-024-03866-2.","Liu Y","Stem Cell Res Ther","2024","2024/09/17","PMC11409797","","10.1186/s13287-024-03866-2"
"39501364","HES1 revitalizes the functionality of aged adipose-derived stem cells by inhibiting the transcription of STAT1","Li C, Ren S, Yan C, Wang C, Jiang T, Kang Y, Chen J, Xiong H, Guo J, Jiang G, Liu S, Nie P, Chen Z.","Stem Cell Res Ther. 2024 Nov 5;15(1):399. doi: 10.1186/s13287-024-04002-w.","Li C","Stem Cell Res Ther","2024","2024/11/06","PMC11539794","","10.1186/s13287-024-04002-w"
"39377219","USP26 Combats Age-Related Declines in Self-Renewal and Multipotent Differentiation of BMSC by Maintaining Mitochondrial Homeostasis","Xu Y, Chang L, Chen Y, Dan Z, Zhou L, Tang J, Deng L, Tang G, Li C.","Adv Sci (Weinh). 2024 Nov;11(44):e2406428. doi: 10.1002/advs.202406428. Epub 2024 Oct 8.","Xu Y","Adv Sci (Weinh)","2024","2024/10/08","PMC11600297","","10.1002/advs.202406428"
"39704104","Mesenchymal Stem Cell-Derived Exosomes: A Promising Therapeutic Strategy for Age-Related Diseases","Wei B, Wei M, Huang H, Fan T, Zhang Z, Song X.","Cell Prolif. 2025 May;58(5):e13795. doi: 10.1111/cpr.13795. Epub 2024 Dec 20.","Wei B","Cell Prolif","2025","2024/12/20","PMC12099225","","10.1111/cpr.13795"
"39796081","Therapeutic Efficacy and Promise of Human Umbilical Cord Mesenchymal Stem Cell-Derived Extracellular Vesicles in Aging and Age-Related Disorders","Zhang A, Li Q, Chen Z.","Int J Mol Sci. 2024 Dec 30;26(1):225. doi: 10.3390/ijms26010225.","Zhang A","Int J Mol Sci","2024","2025/01/11","PMC11719504","","10.3390/ijms26010225"
"39815291","Combination of rapamycin and adipose-derived mesenchymal stromal cells enhances therapeutic potential for osteoarthritis","Veret D, Tejedor G, Perez E, Chomette A, Farno M, Ferreira-Lopez R, Dagneaux L, Pers YM, Jorgsensen C, Gondeau C, Brondello JM.","Stem Cell Res Ther. 2025 Jan 15;16(1):9. doi: 10.1186/s13287-024-04090-8.","Veret D","Stem Cell Res Ther","2025","2025/01/15","PMC11737215","","10.1186/s13287-024-04090-8"
"39665045","Aging and cell expansion enhance microRNA diversity in small extracellular vesicles produced from human adipose-derived stem cells","Tsubaki T, Chijimatsu R, Takeda T, Abe M, Ochiya T, Tsuji S, Inoue K, Matsuzaki T, Iwanaga Y, Omata Y, Tanaka S, Saito T.","Cytotechnology. 2025 Feb;77(1):15. doi: 10.1007/s10616-024-00675-6. Epub 2024 Dec 10.","Tsubaki T","Cytotechnology","2025","2024/12/12","PMC11631832","","10.1007/s10616-024-00675-6"
"39874993","Mangiferin protects mesenchymal stem cells against DNA damage and cellular aging via SIRT1 activation","Lim GM, Cho GW.","Mech Ageing Dev. 2025 Apr;224:112038. doi: 10.1016/j.mad.2025.112038. Epub 2025 Jan 26.","Lim GM","Mech Ageing Dev","2025","2025/01/28","","","10.1016/j.mad.2025.112038"
"40660432","Mesenchymal Stem Cell-derived Exosomes in the Treatment of Skin and Subcutaneous Tissue Diseases: A Review","Dairov A, Issabekova A, Ogay V.","Curr Stem Cell Res Ther. 2025 Jul 11. doi: 10.2174/011574888X393159250704132425. Online ahead of print.","Dairov A","Curr Stem Cell Res Ther","2025","2025/07/15","","","10.2174/011574888X393159250704132425"
"39429777","GPC3-mediated metabolic rewiring of diabetic mesenchymal stromal cells enhances their cardioprotective functions via PKM2 activation","Joladarashi D, Thej C, Mallaredy V, Magadum A, Cimini M, Gonzalez C, Truongcao M, Nigro JT, Sethi MK, Gibb AA, Benedict C, Koch WJ, Kishore R.","iScience. 2024 Sep 24;27(10):111021. doi: 10.1016/j.isci.2024.111021. eCollection 2024 Oct 18.","Joladarashi D","iScience","2024","2024/10/21","PMC11490746","","10.1016/j.isci.2024.111021"
"40042820","CD21lo B-cell subsets are recruited to the central nervous system in acute neuromyelitis optica","Nishigori R, Hamatani M, Yoshitomi H, Kimura K, Takata M, Ashida S, Fujii C, Ochi H, Takahashi R, Kondo T, Ueno H.","Brain. 2025 Aug 1;148(8):2995-3010. doi: 10.1093/brain/awaf086.","Nishigori R","Brain","2025","2025/03/05","","","10.1093/brain/awaf086"
"39462849","Aging alters the effect of adiponectin receptor signaling on bone marrow-derived mesenchymal stem cells","Liu H, Zhao Q, Liu S, Li B, Zheng Z, Liu Y, Hu P, Luo E.","Aging Cell. 2025 Feb;24(2):e14390. doi: 10.1111/acel.14390. Epub 2024 Oct 27.","Liu H","Aging Cell","2025","2024/10/28","PMC11822658","","10.1111/acel.14390"
"39680129","Adipose mesenchymal stem cell-derived extracellular vesicles regulate PINK1/parkin-mediated mitophagy to repair high glucose-induced dermal fibroblast senescence and promote wound healing in rats with diabetic foot ulcer","Luo Y, Guo Q, Liu C, Zheng Y, Wang Y, Wang B.","Acta Diabetol. 2025 Jul;62(7):1041-1056. doi: 10.1007/s00592-024-02422-x. Epub 2024 Dec 16.","Luo Y","Acta Diabetol","2025","2024/12/16","","","10.1007/s00592-024-02422-x"
"39452604","Early Effects of Porcine Placental Extracts and Stem Cell-Derived Exosomes on Aging Stress in Skin Cells","Matsuoka T, Dan K, Takanashi K, Ogino A.","J Funct Biomater. 2024 Oct 15;15(10):306. doi: 10.3390/jfb15100306.","Matsuoka T","J Funct Biomater","2024","2024/10/25","PMC11509013","","10.3390/jfb15100306"
"40570373","Identifying the target, mechanism, and agonist of α-ketoglutaric acid in delaying mesenchymal stem cell senescence","Cui Z, Li J, Li C, Deng S, Liu W, Lei T, Cao J, Wang Z, Wang X, Ma S, Zhu Y, Yang H, Chen P.","Cell Rep. 2025 Jul 22;44(7):115917. doi: 10.1016/j.celrep.2025.115917. Epub 2025 Jun 25.","Cui Z","Cell Rep","2025","2025/06/26","","","10.1016/j.celrep.2025.115917"
"39123275","miR-203-3p promotes senescence of mouse bone marrow mesenchymal stem cells via downregulation of Pbk","Mei Q, Li K, Tang T, Cai S, Liu Y, Wang X, Jia Y, Zhang L, Li H, Song H, Zhai J, Xiang W.","Aging Cell. 2024 Nov;23(11):e14293. doi: 10.1111/acel.14293. Epub 2024 Aug 9.","Mei Q","Aging Cell","2024","2024/08/09","PMC11561657","","10.1111/acel.14293"
"39988122","Human umbilical cord mesenchymal stem cell-derived exosome ameliorate doxorubicin-induced senescence","Yang Z, Yan F, Yuan J, Yang M, Wang J, You C, Ren K.","Exp Cell Res. 2025 Apr 15;447(2):114450. doi: 10.1016/j.yexcr.2025.114450. Epub 2025 Feb 21.","Yang Z","Exp Cell Res","2025","2025/02/23","","","10.1016/j.yexcr.2025.114450"
"40761817","Mechanisms and therapeutic strategies linking mesenchymal stem cells senescence to osteoporosis","Tong Y, Tu Y, Wang J, Liu X, Su Q, Wang Y, Wang W.","Front Endocrinol (Lausanne). 2025 Jul 21;16:1625806. doi: 10.3389/fendo.2025.1625806. eCollection 2025.","Tong Y","Front Endocrinol (Lausanne)","2025","2025/08/05","PMC12318765","","10.3389/fendo.2025.1625806"
"40453699","Preventing MSC aging and enhancing immunomodulation: Novel strategies for cell-based therapies","Elmi F, Soltanmohammadi F, Fayeghi T, Farajnia S, Alizadeh E.","Regen Ther. 2025 May 5;29:517-539. doi: 10.1016/j.reth.2025.04.014. eCollection 2025 Jun.","Elmi F","Regen Ther","2025","2025/06/02","PMC12124620","","10.1016/j.reth.2025.04.014"
"39578049","Anti-aging effect of extracellular vesicles from mesenchymal stromal cells on senescence-induced chondrocytes in osteoarthritis","Boulestreau J, Maumus M, Bertolino Minani G, Jorgensen C, Noël D.","Aging (Albany NY). 2024 Nov 22;16(21):13252-13270. doi: 10.18632/aging.206158. Epub 2024 Nov 22.","Boulestreau J","Aging (Albany NY)","2024","2024/11/22","PMC11719114","","10.18632/aging.206158"
"39983821","Alda-1 mediates cell senescence and counteracts bone loss in weightlessness through regulating mitophagy","Wang J, Li S, Li Q, Yan Q, Wang Y, Zeng X, Yang F, Jiang S, Zhang M, Pi Y, Tahir R, Wei L.","Life Sci. 2025 Apr 1;366-367:123482. doi: 10.1016/j.lfs.2025.123482. Epub 2025 Feb 19.","Wang J","Life Sci","2025","2025/02/21","","","10.1016/j.lfs.2025.123482"
"39978589","Therapeutic targets in aging-related osteoarthritis: A focus on the extracellular matrix homeostasis","Hao W, Chang M, Shi D, Yun C, Li J, Guo H, Lin X.","Life Sci. 2025 May 1;368:123487. doi: 10.1016/j.lfs.2025.123487. Epub 2025 Feb 18.","Hao W","Life Sci","2025","2025/02/20","","","10.1016/j.lfs.2025.123487"
"39985030","Mesenchymal stem cell exosome therapy: current research status in the treatment of neurodegenerative diseases and the possibility of reversing normal brain aging","Quan J, Liu Q, Li P, Yang Z, Zhang Y, Zhao F, Zhu G.","Stem Cell Res Ther. 2025 Feb 21;16(1):76. doi: 10.1186/s13287-025-04160-5.","Quan J","Stem Cell Res Ther","2025","2025/02/21","PMC11846194","","10.1186/s13287-025-04160-5"
"40722197","Human umbilical cord-derived mesenchymal stromal cell exosomes ameliorate aging-associated skeletal muscle atrophy and dysfunction in SAMP10 mice","Huang Z, Piao L, Meng X, Inoue A, Hitomi K, Umegaki H, Kuzuya M, Cheng XW.","Stem Cell Res Ther. 2025 Jul 28;16(1):410. doi: 10.1186/s13287-025-04477-1.","Huang Z","Stem Cell Res Ther","2025","2025/07/29","PMC12306081","","10.1186/s13287-025-04477-1"
"40770768","Identification of replicative aging and inflammatory aging signatures via whole-genome CRISPRi screens","Wu L, Zhu X, Liu Y, Zhao D, Yu BC, Wei Z, Lin X, Qi LS.","Genome Biol. 2025 Aug 6;26(1):233. doi: 10.1186/s13059-025-03683-7.","Wu L","Genome Biol","2025","2025/08/07","PMC12326738","","10.1186/s13059-025-03683-7"
"39380092","Serum metabonomics reveal the effectiveness of human placental mesenchymal stem cell therapy for primary sclerosing cholangitis","Yu Y, Yao Q, Chen D, Zhang Z, Pan Q, Yu J, Cao H, Li L, Li L.","Stem Cell Res Ther. 2024 Oct 8;15(1):346. doi: 10.1186/s13287-024-03967-y.","Yu Y","Stem Cell Res Ther","2024","2024/10/08","PMC11462665","","10.1186/s13287-024-03967-y"
"40259142","Mesenchymal stem cells and their derivatives as potential longevity-promoting tools","Rudnitsky E, Braiman A, Wolfson M, Muradian KK, Gorbunova V, Turgeman G, Fraifeld VE.","Biogerontology. 2025 Apr 21;26(3):96. doi: 10.1007/s10522-025-10240-z.","Rudnitsky E","Biogerontology","2025","2025/04/21","PMC12011939","","10.1007/s10522-025-10240-z"
"39433154","Phosphoproteomic analysis reveals the mechanisms of human umbilical cord mesenchymal stem cell-derived exosomes attenuate renal aging","Yu W, Jia X, Qiao H, Liu D, Sun Y, Yan R, Zhang C, Yu N, Song Y, Ling M, Zhang Z, Li X, Zhao C, Xing Y.","J Proteomics. 2025 Jan 6;310:105335. doi: 10.1016/j.jprot.2024.105335. Epub 2024 Oct 20.","Yu W","J Proteomics","2025","2024/10/21","","","10.1016/j.jprot.2024.105335"
"39495250","Alterations in the transcriptome and microRNAs of adipose-derived mesenchymal stem cells from different sites in rats during aging","Su Z, Xu T, Sun JY, Sun W, Kong X.","Am J Physiol Cell Physiol. 2025 Jan 1;328(1):C78-C94. doi: 10.1152/ajpcell.00044.2024. Epub 2024 Nov 4.","Su Z","Am J Physiol Cell Physiol","2025","2024/11/04","","","10.1152/ajpcell.00044.2024"
"39404398","Pulmonary and Systemic Immune Profiles Following Lung Volume Reduction Surgery and Allogeneic Mesenchymal Stromal Cell Treatment in Emphysema","Jia L, Li N, van Unen V, Zwaginga JJ, Braun J, Hiemstra PS, Koning F, Khedoe PPSJ, Stolk J.","Cells. 2024 Sep 30;13(19):1636. doi: 10.3390/cells13191636.","Jia L","Cells","2024","2024/10/15","PMC11476308","","10.3390/cells13191636"
"40407245","Inhibition and Rescue of Hyperglycemia-Induced Cellular Senescence by Mitochondrial Transfer from Enucleated Mesenchymal Stem Cell-Derived Microvesicles for Chronic Wound Healing","Dong Z, Liu X, Li S, Fu X.","Adv Sci (Weinh). 2025 Aug;12(30):e01612. doi: 10.1002/advs.202501612. Epub 2025 May 23.","Dong Z","Adv Sci (Weinh)","2025","2025/05/23","PMC12376497","","10.1002/advs.202501612"
"40133712","RIG-I-driven CDKN1A stabilization reinforces cellular senescence","Wang C, Jiang X, Li HY, Hu J, Ji Q, Wang Q, Liu X, Huang D, Yan K, Zhao L, Fan Y, Wang S, Ma S, Belmonte JCI, Qu J, Liu GH, Zhang W.","Sci China Life Sci. 2025 Jun;68(6):1646-1661. doi: 10.1007/s11427-024-2844-8. Epub 2025 Mar 24.","Wang C","Sci China Life Sci","2025","2025/03/26","","","10.1007/s11427-024-2844-8"
"40763035","Aging Adipose-Derived Mesenchymal Stem Cells, Cultured on a Native Young Extracellular Matrix, Are Protected From Senescence and Apoptosis Along With Increased Expression of HLA-DR and CD74 Associated With PI3K Signaling","Gonzalez AO, Abdul Azees PA, Chen JP, Marinkovic M, Cao B, Liang T, Hu P, Yeh CK, Dean DD, Bai Y, Chen XD.","Aging Cell. 2025 Sep;24(9):e70165. doi: 10.1111/acel.70165. Epub 2025 Aug 5.","Gonzalez AO","Aging Cell","2025","2025/08/05","PMC12419859","","10.1111/acel.70165"
"40001244","Long-term outcomes of mesenchymal stem cell therapy in severe COVID-19 patients: 3-year follow-up of a randomized, double-blind, placebo-controlled trial","Yuan MQ, Song L, Wang ZR, Zhang ZY, Shi M, He J, Mo Q, Zheng N, Yao WQ, Zhang Y, Dong T, Li Y, Zhang C, Song J, Huang L, Xu Z, Yuan X, Fu JL, Zhen C, Cai J, Dong J, Zhang J, Xie WF, Li Y, Zhang B, Shi L, Wang FS.","Stem Cell Res Ther. 2025 Feb 25;16(1):94. doi: 10.1186/s13287-025-04148-1.","Yuan MQ","Stem Cell Res Ther","2025","2025/02/26","PMC11863646","","10.1186/s13287-025-04148-1"
"39255619","Mesenchymal stem cells arouse myocardial NAD+ metabolism to alleviate microgravity-induced cardiac dysfunction","Zhang C, Yuan Y, Zhang S, Yan N, Zhao Y, Lu L, Li K, Zhou S, Cai S, Liang F, Ji G, Qu Y, Lv K, Dai Y, Li B, Yan S, Li X, Qu L, Li Y.","Biochem Biophys Res Commun. 2024 Nov 12;733:150623. doi: 10.1016/j.bbrc.2024.150623. Epub 2024 Sep 2.","Zhang C","Biochem Biophys Res Commun","2024","2024/09/10","","","10.1016/j.bbrc.2024.150623"
"39495459","Lipid Priming of Adipose Mesenchymal Stromal Cells with Docosahexaenoic Acid: Impact on Cell Differentiation, Senescence and the Secretome Neuroregulatory Profile","Campos J, Sampaio-Marques B, Santos D, Barata-Antunes S, Ribeiro M, Serra SC, Pinho TS, Canto-Gomes J, Marote A, Cortez M, Silva NA, Michael-Titus AT, Salgado AJ.","Tissue Eng Regen Med. 2025 Jan;22(1):113-128. doi: 10.1007/s13770-024-00679-5. Epub 2024 Nov 4.","Campos J","Tissue Eng Regen Med","2025","2024/11/04","PMC11711600","","10.1007/s13770-024-00679-5"
"39098401","Artificial mitochondrial transplantation (AMT) reverses aging of mesenchymal stromal cells and improves their immunomodulatory properties in LPS-induced synoviocytes inflammation","Bourebaba L, Bourebaba N, Galuppo L, Marycz K.","Biochim Biophys Acta Mol Cell Res. 2024 Oct;1871(7):119806. doi: 10.1016/j.bbamcr.2024.119806. Epub 2024 Aug 3.","Bourebaba L","Biochim Biophys Acta Mol Cell Res","2024","2024/08/04","","","10.1016/j.bbamcr.2024.119806"
"40644497","Umbilical cord mesenchymal stem cell exosomal miR-143-3p delays endothelial cell senescence through targeting COX-2","Yang ZP, Lu SH, Pan YH, Liao ZF, Xie YT, Li H, Zhou YL, Shi ZC, Qu YF, Wu ZG, Xiong C, Xiong XD.","PLoS One. 2025 Jul 11;20(7):e0327173. doi: 10.1371/journal.pone.0327173. eCollection 2025.","Yang ZP","PLoS One","2025","2025/07/11","PMC12250453","","10.1371/journal.pone.0327173"
"40721581","Dose-escalation studies of mesenchymal stromal cell therapy for decompensated liver cirrhosis: phase Ia/Ib results and immune modulation insights","Shi L, Zhang Z, Mei S, Wang Z, Xu Z, Yao W, Liu L, Yuan M, Pan Y, Zhu K, Liu K, Meng F, Sun J, Liu W, Xie X, Dong T, Huang L, Meng F, Fu JL, Li Y, Zhang C, Fan X, Shi M, Zhang Y, Li Y, Xie WF, Zhang P, Wang FS.","Signal Transduct Target Ther. 2025 Jul 29;10(1):238. doi: 10.1038/s41392-025-02318-4.","Shi L","Signal Transduct Target Ther","2025","2025/07/28","PMC12304480","","10.1038/s41392-025-02318-4"
"40108399","Human umbilical cord-derived mesenchymal stem cells improve thymus and spleen functions in D-galactose-induced aged mice","Xu J, Dong L, Xie X, Geng BD, Lu J, Dong Y, Hu Y, Liu C, Mao Y, Ge G, Ren Z.","Sci Rep. 2025 Mar 19;15(1):9470. doi: 10.1038/s41598-025-94364-9.","Xu J","Sci Rep","2025","2025/03/20","PMC11923087","","10.1038/s41598-025-94364-9"
"39316679","Senescence of lung mesenchymal stem cells of preterm infants by cyclic stretch and hyperoxia via p21","Behnke J, Goetz MJ, Holzfurtner L, Korte P, Weiss A, Shahzad T, Wilhelm J, Schermuly RT, Rivetti S, Bellusci S, Ehrhardt H.","Am J Physiol Lung Cell Mol Physiol. 2024 Nov 1;327(5):L694-L711. doi: 10.1152/ajplung.00355.2023. Epub 2024 Sep 24.","Behnke J","Am J Physiol Lung Cell Mol Physiol","2024","2024/09/24","PMC11563592","","10.1152/ajplung.00355.2023"
"39433168","ESC-sEVs alleviate non-early-stage osteoarthritis progression by rejuvenating senescent chondrocytes via FOXO1A-autophagy axis but not inducing apoptosis","Feng K, Ye T, Xie X, Liu J, Gong L, Chen Z, Zhang J, Li H, Li Q, Wang Y.","Pharmacol Res. 2024 Nov;209:107474. doi: 10.1016/j.phrs.2024.107474. Epub 2024 Oct 19.","Feng K","Pharmacol Res","2024","2024/10/21","","","10.1016/j.phrs.2024.107474"
"39696575","Targeting cellular senescence in kidney diseases and aging: A focus on mesenchymal stem cells and their paracrine factors","Hejazian SM, Hejazian SS, Mostafavi SM, Hosseiniyan SM, Montazersaheb S, Ardalan M, Zununi Vahed S, Barzegari A.","Cell Commun Signal. 2024 Dec 18;22(1):609. doi: 10.1186/s12964-024-01968-1.","Hejazian SM","Cell Commun Signal","2024","2024/12/19","PMC11657437","","10.1186/s12964-024-01968-1"
"40457488","Short-Term DMOG treatment rejuvenates senescent mesenchymal stem cells by enhancing mitochondrial function and mitophagy through the HIF-1α/BNIP3 pathway","Wen J, Yi L, Chen L, Xu J, Zhang Y, Cheng Q, Ping H, Wang H, Shuang F, Chai W, Weng T.","Stem Cell Res Ther. 2025 Jun 2;16(1):274. doi: 10.1186/s13287-025-04422-2.","Wen J","Stem Cell Res Ther","2025","2025/06/02","PMC12131571","","10.1186/s13287-025-04422-2"
"39543818","Targeting NAMPT-OPA1 for treatment of senile osteoporosis","Bai CW, Tian B, Zhang MC, Qin Q, Shi X, Yang X, Gao X, Zhou XZ, Shan HJ, Bai JY.","Aging Cell. 2025 Mar;24(3):e14400. doi: 10.1111/acel.14400. Epub 2024 Nov 14.","Bai CW","Aging Cell","2025","2024/11/15","PMC11896342","","10.1111/acel.14400"
"40353787","Impact of mesenchymal stromal/stem cell infusions on circulating inflammatory biomarkers in COVID-19 patients: analysis of a phase I-IIa trial","Tonelli R, Pischiutta F, Elice F, Zanier ER, Grisendi G, Astori G, Samarelli AV, Bruzzi G, Manicardi L, Spano C, Nattino G, Signorini F, Bernardi M, Catanzaro D, Merlo A, Lisi I, Pasetto L, Bonetto V, Fiammenghi L, Boschi L, Guidi S, Candini O, Zoerle T, Dander E, D'Amico G, De Pierri F, Maur M, Pettorelli E, Ruggieri V, Cerri S, Mari G, De Berardis G, Mighali P, Baschieri MC, Lazzari L, Bambi F, Ciccocioppo R, Clini E, Dominici M; RESCAT study group.","Cytotherapy. 2025 Sep;27(9):1105-1115. doi: 10.1016/j.jcyt.2025.04.059. Epub 2025 Apr 7.","Tonelli R","Cytotherapy","2025","2025/05/12","","","10.1016/j.jcyt.2025.04.059"
"39674933","Role of mesenchymal stromal cell secretome on recovery from cellular senescence: an overview","Brito KNL, Trentin AG.","Cytotherapy. 2025 Apr;27(4):422-437. doi: 10.1016/j.jcyt.2024.11.014. Epub 2024 Nov 22.","Brito KNL","Cytotherapy","2025","2024/12/15","","","10.1016/j.jcyt.2024.11.014"
"40052562","Heme oxygenase 1‑overexpressing bone marrow mesenchymal stem cell‑derived exosomes suppress interleukin‑1 beta‑induced apoptosis and aging of nucleus pulposus cells","Zhang H, Zhang D, Wang H, Liu Y, Ding W, Fan G, Meng X.","Mol Med Rep. 2025 May;31(5):116. doi: 10.3892/mmr.2025.13481. Epub 2025 Mar 7.","Zhang H","Mol Med Rep","2025","2025/03/07","PMC11905203","","10.3892/mmr.2025.13481"
"40081903","AI-powered evaluation of lung function for diagnosis of interstitial lung disease","Gompelmann D, Gysan MR, Desbordes P, Maes J, Van Orshoven K, De Vos M, Steinwender M, Helfenstein E, Marginean C, Henzi N, Cerkl P, Heeb P, Keusch S, Calderari G, von Boetticher P, Baumgartner B, Stolz D, Simon M, Prosch H, Janssens W, Topalovic M.","Thorax. 2025 Jun 16;80(7):445-450. doi: 10.1136/thorax-2024-221537.","Gompelmann D","Thorax","2025","2025/03/13","PMC12322453","","10.1136/thorax-2024-221537"
"40054034","Pluripotent stem cell-derived mesenchymal stem cells for therapeutic applications, developmental study, and cancer research","Fu S, Yeung CK, Xu RH.","Curr Opin Genet Dev. 2025 Jun;92:102327. doi: 10.1016/j.gde.2025.102327. Epub 2025 Mar 6.","Fu S","Curr Opin Genet Dev","2025","2025/03/07","","","10.1016/j.gde.2025.102327"
"40394224","Large-scale plasma proteomic profiling unveils diagnostic biomarkers and pathways for Alzheimer's disease","Heo G, Xu Y, Wang E, Ali M, Oh HS, Moran-Losada P, Anastasi F, González Escalante A, Puerta R, Song S, Timsina J, Liu M, Western D, Gong K, Chen Y, Kohlfeld P, Flynn A, Thomas AG, Lowery J, Morris JC, Holtzman DM, Perlmutter JS, Schindler SE, Vilor-Tejedor N, Suárez-Calvet M, García-González P, Marquié M, Fernández MV, Boada M, Cano A, Ruiz A, Zhang B, Bennett DA, Benzinger T, Wyss-Coray T, Ibanez L, Sung YJ, Cruchaga C.","Nat Aging. 2025 Jun;5(6):1114-1131. doi: 10.1038/s43587-025-00872-8. Epub 2025 May 20.","Heo G","Nat Aging","2025","2025/05/20","","","10.1038/s43587-025-00872-8"
"39529136","Neutrophil and mononuclear leukocyte pathways and upstream regulators revealed by serum proteomics of adult and juvenile dermatomyositis","Sparling AC, Ward JM, Sarkar K, Schiffenbauer A, Farhadi PN, Smith MA, Rahman S, Zerrouki K, Miller FW, Li JL, Casey KA, Rider LG.","Arthritis Res Ther. 2024 Nov 11;26(1):196. doi: 10.1186/s13075-024-03421-7.","Sparling AC","Arthritis Res Ther","2024","2024/11/11","PMC11552237","","10.1186/s13075-024-03421-7"
"39503875","Antisenescence Expansion of Mesenchymal Stem Cells Using Piezoelectric β-Poly(vinylidene fluoride) Film-Based Culture","Xu L, Ren W, Long Y, Yang B, Chen L, Chen W, Chen S, Cao Y, Wu D, Qu J, Li H, Yu Y, Zhang A, Wang S, Wang H, Chen T, Fan G, Li Q, Chen Z.","ACS Appl Mater Interfaces. 2024 Nov 20;16(46):63207-63224. doi: 10.1021/acsami.4c12725. Epub 2024 Nov 6.","Xu L","ACS Appl Mater Interfaces","2024","2024/11/06","","","10.1021/acsami.4c12725"
"39323233","Tissue-specific functions of MSCs are linked to homeostatic muscle maintenance and alter with aging","Kurosawa T, Ikemoto-Uezumi M, Yoshimoto Y, Minato K, Kaji N, Chaen T, Hase E, Minamikawa T, Yasui T, Horiguchi K, Iino S, Hori M, Uezumi A.","Aging Cell. 2024 Nov;23(11):e14299. doi: 10.1111/acel.14299. Epub 2024 Sep 25.","Kurosawa T","Aging Cell","2024","2024/09/26","PMC11561651","","10.1111/acel.14299"
"40142948","Emerging Role of Mesenchymal Stromal Cell and Exosome Therapies in Treating Cognitive Impairment","Tew VK, Barathan M, Nordin F, Law JX, Ng MH.","Pharmaceutics. 2025 Feb 20;17(3):284. doi: 10.3390/pharmaceutics17030284.","Tew VK","Pharmaceutics","2025","2025/03/27","PMC11945939","","10.3390/pharmaceutics17030284"
"39468666","Multi-omics evaluation of clinical-grade human umbilical cord-derived mesenchymal stem cells in synergistic improvement of aging related disorders in a senescence-accelerated mouse model","Lian J, Xia L, Wang G, Wu W, Yi P, Li M, Su X, Chen Y, Li X, Dou F, Wang Z.","Stem Cell Res Ther. 2024 Oct 29;15(1):383. doi: 10.1186/s13287-024-03986-9.","Lian J","Stem Cell Res Ther","2024","2024/10/29","PMC11520580","","10.1186/s13287-024-03986-9"
"39416732","Engineered Mesenchymal Stem Cells as Treatment for Cancers: Opportunities, Clinical Applications and Challenges","Shamsul Kamal AA, Fakiruddin KS, Bobbo KA, Ling KH, Vidyadaran S, Abdullah S.","Malays J Med Sci. 2024 Oct;31(5):56-82. doi: 10.21315/mjms2024.31.5.5. Epub 2024 Oct 8.","Shamsul Kamal AA","Malays J Med Sci","2024","2024/10/17","PMC11477465","","10.21315/mjms2024.31.5.5"
"39444026","Transplantation of human umbilical cord-derived mesenchymal stem cells improves age-related ovarian functional decline via regulating the local renin-angiotensin system on inflammation and oxidative stress","Wei L, Bo L, Luo C, Yin N, Jiang W, Qian F, Zhou A, Lu X, Guo H, Mao C.","Stem Cell Res Ther. 2024 Oct 23;15(1):377. doi: 10.1186/s13287-024-03997-6.","Wei L","Stem Cell Res Ther","2024","2024/10/24","PMC11515572","","10.1186/s13287-024-03997-6"
"39543859","Adipose-Derived Mesenchymal Stem Cells from Arthritis Patients: Differential Modulation of CD4⁺ T Cell Activation and Cytokine Production","Ołdak M, Kurowska W, Plebańczyk M, Janicka I, Radzikowska A, Skalska U, Kuca-Warnawin E.","Med Sci Monit. 2024 Nov 15;30:e945273. doi: 10.12659/MSM.945273.","Ołdak M","Med Sci Monit","2024","2024/11/15","PMC11575092","","10.12659/MSM.945273"
"40289881","Signal Converter-Based Therapy Platform Promoting Aging Bone Healing by Improving Permeability of the Mitochondrial Membrane","Huang Y, Mao J, Li Z, Wang W, Ni Z, Cai F, Tang J, Wang W, Zhang L, Zhou L, Jiang X, Wu J, Guo Q, Rui M, Huang Z, Jiang H, Wang L, Xi K, Gu Y, Chen L.","Adv Mater. 2025 Jul;37(27):e2500156. doi: 10.1002/adma.202500156. Epub 2025 Apr 28.","Huang Y","Adv Mater","2025","2025/04/28","","","10.1002/adma.202500156"
"40527735","Stem Cell-Derived Extracellular Vesicles in Skin Antiaging Treatments","Park JY, Jung SY, Yoo D, Lee S, Go D, Bui VD, Jung WK, You DG, Park JH, Um W.","ACS Nano. 2025 Jul 1;19(25):22504-22527. doi: 10.1021/acsnano.4c17406. Epub 2025 Jun 17.","Park JY","ACS Nano","2025","2025/06/17","","","10.1021/acsnano.4c17406"
"39627816","Co-infusion of mesenchymal stromal cells to prevent GVHD after allogeneic hematopoietic cell transplantation from HLA-mismatched unrelated donors after reduced-intensity conditioning: a double-blind randomized study and literature review","Lombardo G, Lechanteur C, Briquet A, Seidel L, Willems E, Servais S, Baudoux E, Kerre T, Zachee P, Herman J, Janssen A, Muller J, Baron F, Beguin Y.","Stem Cell Res Ther. 2024 Dec 3;15(1):461. doi: 10.1186/s13287-024-04064-w.","Lombardo G","Stem Cell Res Ther","2024","2024/12/03","PMC11613890","","10.1186/s13287-024-04064-w"
"40001580","Rejuvenation of Bone Marrow Mesenchymal Stem Cells: Mechanisms and Their Application in Senile Osteoporosis Treatment","Tian RC, Zhang RY, Ma CF.","Biomolecules. 2025 Feb 13;15(2):276. doi: 10.3390/biom15020276.","Tian RC","Biomolecules","2025","2025/02/26","PMC11853522","","10.3390/biom15020276"
"39243323","Extracellular Vesicles Obtained from Hypoxic Mesenchymal Stromal Cells Induce Neurological Recovery, Anti-inflammation, and Brain Remodeling After Distal Middle Cerebral Artery Occlusion in Rats","Abuzan M, Surugiu R, Wang C, Mohamud-Yusuf A, Tertel T, Catalin B, Doeppner TR, Giebel B, Hermann DM, Popa-Wagner A.","Transl Stroke Res. 2025 Jun;16(3):817-830. doi: 10.1007/s12975-024-01266-5. Epub 2024 Sep 7.","Abuzan M","Transl Stroke Res","2025","2024/09/07","PMC12045817","","10.1007/s12975-024-01266-5"
"39236098","Human umbilical cord mesenchymal stem cells-derived extracellular vesicles ameliorate kidney ischemia-reperfusion injury by suppression of senescent tubular epithelial cells: experimental study","Ma M, Zeng J, Zhu M, Li H, Lin T, Yang H, Wei X, Song T.","Int J Surg. 2025 Jan 1;111(1):394-410. doi: 10.1097/JS9.0000000000002074.","Ma M","Int J Surg","2025","2024/09/05","PMC11745712","","10.1097/JS9.0000000000002074"
"39684448","Poly-D,L-Lactic Acid Fillers Increase Subcutaneous Adipose Tissue Volume by Promoting Adipogenesis in Aged Animal Skin","Byun KA, Seo SB, Oh S, Jang JW, Son KH, Byun K.","Int J Mol Sci. 2024 Nov 27;25(23):12739. doi: 10.3390/ijms252312739.","Byun KA","Int J Mol Sci","2024","2024/12/17","PMC11641794","","10.3390/ijms252312739"
"40847728","Periodontal Ligament Stem Cell Aging in Age-Related Orthodontic Changes: Mechanisms and Rescue Strategies","Tang J, Yang K.","FASEB J. 2025 Aug 31;39(16):e70964. doi: 10.1096/fj.202501731R.","Tang J","FASEB J","2025","2025/08/23","","","10.1096/fj.202501731R"
"39628863","Safety and efficacy of autologous adipose-derived stem cells for knee osteoarthritis in the elderly population: A systematic review","Zampogna B, Parisi FR, Ferrini A, Zampoli A, Papalia GF, Shanmugasundaram S, Papalia R.","J Clin Orthop Trauma. 2024 Nov 7;59:102804. doi: 10.1016/j.jcot.2024.102804. eCollection 2024 Dec.","Zampogna B","J Clin Orthop Trauma","2024","2024/12/04","PMC11609259","","10.1016/j.jcot.2024.102804"
"39876006","NEAT1 regulates BMSCs aging through disruption of FGF2 nuclear transport","Wang Z, Zhen W, Wang Q, Sun Y, Jin S, Yu S, Wu X, Zhang W, Zhang Y, Xu F, Wang R, Xie Y, Sun W, Xu J, Zhang H.","Stem Cell Res Ther. 2025 Jan 29;16(1):30. doi: 10.1186/s13287-025-04156-1.","Wang Z","Stem Cell Res Ther","2025","2025/01/28","PMC11776329","","10.1186/s13287-025-04156-1"
"40269970","A first-in-human, prospective pilot trial of umbilical cord-derived mesenchymal stem cell eye drops therapy for patients with refractory non-Sjögren's and Sjögren's syndrome dry eye disease","Zhang D, Chen T, Liang Q, Feng X, Jiang J, Chen Z, Tang Y, Chu Y, Wang B, Hu K.","Stem Cell Res Ther. 2025 Apr 23;16(1):202. doi: 10.1186/s13287-025-04292-8.","Zhang D","Stem Cell Res Ther","2025","2025/04/24","PMC12020048","","10.1186/s13287-025-04292-8"
"40465768","Comparative analysis of extracellular vesicles from induced and adipose-derived Mesenchymal Stem Cells: Implications for regenerative medicine","Nashwan S, Ismail MA, Saleh T, Al Hadidi S, Alwohoush E, Sarhan M, Harfeil NA, Awidi A, Ababneh NA.","PLoS One. 2025 Jun 4;20(6):e0325065. doi: 10.1371/journal.pone.0325065. eCollection 2025.","Nashwan S","PLoS One","2025","2025/06/04","PMC12136449","","10.1371/journal.pone.0325065"
"40263435","Age-related mesenchymal stromal cell senescence is associated with progression from MGUS to multiple myeloma","Plakhova N, Panagopoulos V, Cantley MD, Trainor LJ, Hewett DR, Clark KC, Gardiner J, Yong A, Lee C, Horvath N, Croucher PI, Cakouros D, Stewart SA, Gronthos S, Zannettino ACW, Mrozik KM, Vandyke K.","Leukemia. 2025 Jun;39(6):1464-1475. doi: 10.1038/s41375-025-02621-7. Epub 2025 Apr 22.","Plakhova N","Leukemia","2025","2025/04/22","PMC12133572","","10.1038/s41375-025-02621-7"
"39707499","Human umbilical mesenchymal stem cells ameliorate atrophic gastritis in aging mice by participating in mitochondrial autophagy through Ndufs8 signaling","Rui Q, Li C, Rui Y, Zhang C, Xia C, Wang Q, Liu Y, Wang P.","Stem Cell Res Ther. 2024 Dec 20;15(1):491. doi: 10.1186/s13287-024-04094-4.","Rui Q","Stem Cell Res Ther","2024","2024/12/20","PMC11662822","","10.1186/s13287-024-04094-4"
"39528480","Deciphering influence of donor age on adipose-derived stem cells: in vitro paracrine function and angiogenic potential","Trotzier C, Bellanger C, Abdessadeq H, Delannoy P, Mojallal A, Auxenfans C.","Sci Rep. 2024 Nov 11;14(1):27589. doi: 10.1038/s41598-024-73875-x.","Trotzier C","Sci Rep","2024","2024/11/11","PMC11555058","","10.1038/s41598-024-73875-x"
"39179503","Food insecurity and the risk of mortality among Hispanics with hypertension","Banerjee S, Radak T, Khubchandani J, Gonzales-Lagos R, Dunn P.","Nutr Metab Cardiovasc Dis. 2024 Nov;34(11):2555-2561. doi: 10.1016/j.numecd.2024.07.009. Epub 2024 Jul 17.","Banerjee S","Nutr Metab Cardiovasc Dis","2024","2024/08/23","","","10.1016/j.numecd.2024.07.009"
"39122063","FTO-overexpressing extracellular vesicles from BM-MSCs reverse cellular senescence and aging to ameliorate osteoarthritis by modulating METTL3/YTHDF2-mediated RNA m6A modifications","Chen L, Liu J, Rao Z.","Int J Biol Macromol. 2024 Oct;278(Pt 1):134600. doi: 10.1016/j.ijbiomac.2024.134600. Epub 2024 Aug 8.","Chen L","Int J Biol Macromol","2024","2024/08/09","","","10.1016/j.ijbiomac.2024.134600"
"40348131","Extracellular vesicle as therapeutic agents in anti-aging: Mechanistic insights and future potential","Yoon H, Jo J, Hyun H, Lee G, Ma S, Sohn J, Sung DK, Han CY, Kim M, Hwang D, Lee H, Shin Y, Oh KT, Lim C.","J Control Release. 2025 Jul 10;383:113796. doi: 10.1016/j.jconrel.2025.113796. Epub 2025 May 8.","Yoon H","J Control Release","2025","2025/05/10","","","10.1016/j.jconrel.2025.113796"
"40409684","Extracellular Inosine Induces Anergy in B Cells to Alleviate Autoimmune Hepatitis","Cui N, Qian Q, Zhou Y, Zhang H, Zhang H, Wang B, Li Y, Wang Q, Lian M, You Z, Ma X.","Cell Mol Gastroenterol Hepatol. 2025 May 21;19(10):101539. doi: 10.1016/j.jcmgh.2025.101539. Online ahead of print.","Cui N","Cell Mol Gastroenterol Hepatol","2025","2025/05/23","PMC12390957","","10.1016/j.jcmgh.2025.101539"
"40279568","Tβ4-Engineered ADSC Extracellular Vesicles Rescue Cell Senescence Through Separable Microneedle Patches for Diabetic Wound Healing","Ding Y, Wang J, Li J, Cheng Y, Zhou S, Zhang Y, Zhao Y, Zhou M.","Adv Sci (Weinh). 2025 Jul;12(26):e2505009. doi: 10.1002/advs.202505009. Epub 2025 Apr 25.","Ding Y","Adv Sci (Weinh)","2025","2025/04/25","PMC12245110","","10.1002/advs.202505009"
"39658087","Side effects associated with itraconazole therapy","Osborn MR, Zuniga-Moya JC, Mazi PB, Rauseo AM, Spec A.","J Antimicrob Chemother. 2025 Feb 3;80(2):503-508. doi: 10.1093/jac/dkae437.","Osborn MR","J Antimicrob Chemother","2025","2024/12/10","","","10.1093/jac/dkae437"
"40220914","Changing landscape of hematopoietic and mesenchymal cells and their interactions during aging and in age-related skeletal pathologies","Chandra A, Law SF, Pignolo RJ.","Mech Ageing Dev. 2025 Jun;225:112059. doi: 10.1016/j.mad.2025.112059. Epub 2025 Apr 10.","Chandra A","Mech Ageing Dev","2025","2025/04/12","PMC12103995","NIHMS2074165","10.1016/j.mad.2025.112059"
"38997535","Quality Control in Human Adipose-Derived Stromal/Stem Cells and Tissue Engineering Fat Models for Aging Studies","Hamel K, Robinson J, Rogers E, Lassiter H, Frazier T, Sanchez C.","Methods Mol Biol. 2025;2960:183-201. doi: 10.1007/7651_2024_559.","Hamel K","Methods Mol Biol","2025","2024/07/12","","","10.1007/7651_2024_559"
"39450174","Allogenic MSC infusion in kidney transplantation recipients promotes within 4 hours distinct B cell and T cell phenotypes","Hendriks SH, Heidt S, Reinders MEJ, Koning F, van Kooten C.","Front Immunol. 2024 Oct 9;15:1455300. doi: 10.3389/fimmu.2024.1455300. eCollection 2024.","Hendriks SH","Front Immunol","2024","2024/10/25","PMC11500071","","10.3389/fimmu.2024.1455300"
"39696689","Human platelet lysate enhances small lipid droplet accumulation of human MSCs through MAPK phosphorylation","Du P, Tao X, Harati J, Shi Y, Xiao L, Li X, Pan H, Wang PY.","Stem Cell Res Ther. 2024 Dec 18;15(1):473. doi: 10.1186/s13287-024-04085-5.","Du P","Stem Cell Res Ther","2024","2024/12/19","PMC11656580","","10.1186/s13287-024-04085-5"
"40365494","Protecting and rejuvenating ageing skin by regulating endogenous hyaluronan metabolism using adipose-derived stem cell-secreted siRNAs","Sun B, He Y, Zhang L, Liu S, Chen M, Pan J, Fang J, Wang Y, Jiang H, Liu X, Zhang CY, Li J.","Front Med (Lausanne). 2025 Apr 29;12:1529936. doi: 10.3389/fmed.2025.1529936. eCollection 2025.","Sun B","Front Med (Lausanne)","2025","2025/05/14","PMC12069053","","10.3389/fmed.2025.1529936"
"38955799","Accumulation of DNA G-quadruplex in mitochondrial genome hallmarks mesenchymal senescence","Yu K, Li F, Ye L, Yu F.","Aging Cell. 2024 Oct;23(10):e14265. doi: 10.1111/acel.14265. Epub 2024 Jul 2.","Yu K","Aging Cell","2024","2024/07/02","PMC11464107","","10.1111/acel.14265"
"39353686","Matrix stiffness regulates mitochondria-lysosome contacts to modulate the mitochondrial network, alleviate the senescence of MSCs","Wang K, Ho C, Li X, Hou J, Luo Q, Wu J, Yang Y, Zhang X.","Cell Prolif. 2025 Feb;58(2):e13746. doi: 10.1111/cpr.13746. Epub 2024 Oct 1.","Wang K","Cell Prolif","2025","2024/10/01","PMC11839199","","10.1111/cpr.13746"
"39436580","Insights on the Characteristics and Therapeutic Potential of Mesenchymal Stem Cell-derived Exosomes for Mitigation of Alzheimer's Disease's Pathogenicity: A Systematic Review","Abdi SMY, Al-Bakri SSM, Nordin N.","Cell Biochem Biophys. 2025 Jun;83(2):1399-1414. doi: 10.1007/s12013-024-01598-x. Epub 2024 Oct 22.","Abdi SMY","Cell Biochem Biophys","2025","2024/10/22","","","10.1007/s12013-024-01598-x"
"40275616","Identification of Senomorphic miRNAs in Embryonic Progenitor and Adult Stem Cell-Derived Extracellular Vesicles","Zhang T, Nunes ADC, Lee J, Larocca D, Camussi G, Lim SK, Bascones VU, Angelini L, O'Kelly RD, Dong X, Niedernhofer LJ, Robbins PD.","Aging Cell. 2025 Jul;24(7):e70071. doi: 10.1111/acel.70071. Epub 2025 Apr 24.","Zhang T","Aging Cell","2025","2025/04/25","PMC12266766","","10.1111/acel.70071"
"40179319","Decreased mitochondrial NAD+ in WRN deficient cells links to dysfunctional proliferation","Lautrup S, Zhang SQ, Funayama S, Lirussi L, Visnovska T, Cheung HH, Niere M, Tian Y, Nilsen HL, Selbæk G, Saarela J, Maezawa Y, Yokote K, Nilsson P, Chan WY, Kato H, Ziegler M, Bohr VA, Fang EF.","Aging (Albany NY). 2025 Apr 2;17(4):937-959. doi: 10.18632/aging.206236. Epub 2025 Apr 2.","Lautrup S","Aging (Albany NY)","2025","2025/04/03","PMC12074813","","10.18632/aging.206236"
"40210198","The role of the three major intestinal barriers in ulcerative colitis in the elderly","Fu M, Wang QW, Liu YR, Chen SJ.","Ageing Res Rev. 2025 Jun;108:102752. doi: 10.1016/j.arr.2025.102752. Epub 2025 Apr 8.","Fu M","Ageing Res Rev","2025","2025/04/10","","","10.1016/j.arr.2025.102752"
"39551765","Prolonged cultivation enhances the stimulatory activity of hiPSC mesenchymal progenitor-derived conditioned medium","Marolt Presen D, Goeschl V, Hanetseder D, Ogrin L, Stetco AL, Tansek A, Pozenel L, Bruszel B, Mitulovic G, Oesterreicher J, Zipperle J, Schaedl B, Holnthoner W, Grillari J, Redl H.","Stem Cell Res Ther. 2024 Nov 17;15(1):434. doi: 10.1186/s13287-024-03960-5.","Marolt Presen D","Stem Cell Res Ther","2024","2024/11/17","PMC11572509","","10.1186/s13287-024-03960-5"
"40470223","Din Oversees Mesenchymal Stem Cell Homeostasis in Mouse Incisors","Wang X, Dong C, Lamichhane B, Thapa S, Zhang Y, Gupta S, Cai JJ.","Res Sq [Preprint]. 2025 May 14:rs.3.rs-6568233. doi: 10.21203/rs.3.rs-6568233/v1.","Wang X","Res Sq","2025","2025/06/05","PMC12136219","","10.21203/rs.3.rs-6568233/v1"
"40719285","Wen-Shen-Tong-Luo-Zhi-Tong Decoction alleviates bone loss in aged mice by suppressing LONP1-mediated macrophage senescence","Zhou Q, Wang K, Wang C, Sun X, Wang L, Sun J, Pan Y, Li M, Zhao Z, Zhou S, Wang Q, Zhang Y, Ma Y, Guo Y.","Pharm Biol. 2025 Dec;63(1):524-548. doi: 10.1080/13880209.2025.2537125. Epub 2025 Jul 28.","Zhou Q","Pharm Biol","2025","2025/07/28","PMC12305870","","10.1080/13880209.2025.2537125"
"39892438","Hydrogels empowered mesenchymal stem cells and the derived exosomes for regenerative medicine in age-related musculoskeletal diseases","Liu L, Chen S, Song Y, Cui L, Chen Y, Xia J, Fan Y, Yang L, Yang L.","Pharmacol Res. 2025 Mar;213:107618. doi: 10.1016/j.phrs.2025.107618. Epub 2025 Jan 30.","Liu L","Pharmacol Res","2025","2025/02/01","","","10.1016/j.phrs.2025.107618"
"39481629","Eltrombopag restores proliferative capacity and adipose-osteogenic balance of mesenchymal stromal cells in low-risk myelodysplastic syndromes","Hong M, Guo J, Zhao Y, Song L, Zhao S, Wang R, Shi L, Zhang Z, Wu D, He Q, Chang C.","Eur J Pharmacol. 2024 Dec 15;985:177086. doi: 10.1016/j.ejphar.2024.177086. Epub 2024 Oct 30.","Hong M","Eur J Pharmacol","2024","2024/10/31","","","10.1016/j.ejphar.2024.177086"
"40215120","Adipose-derived stem cells exosomal KLF3-AS1 attenuates ovarian function by YBX1/PI3K/Akt/mTOR signaling","Zhao W, Zhang H, Zhang L, Hai C, Liu S, Li H, Zhang Y, Wang H, Wang C.","Physiol Int. 2025 Apr 10. doi: 10.1556/2060.2025.00357. Online ahead of print.","Zhao W","Physiol Int","2025","2025/04/11","","","10.1556/2060.2025.00357"
"40221541","The influence of cell source on the senescence of human mesenchymal stem/stromal cells","Hoseini SM, Montazeri F.","Hum Cell. 2025 Apr 12;38(3):87. doi: 10.1007/s13577-025-01213-y.","Hoseini SM","Hum Cell","2025","2025/04/12","","","10.1007/s13577-025-01213-y"
"40327717","DNA hydroxy methylases Tet1 and Tet2 regulate bone aging and bone marrow stromal cell metabolism through the IGF-1/mTOR signaling axis","Smith N, Cakouros D, Ryan FJ, Lynn DJ, Paton S, Arthur A, Gronthos S.","Stem Cells. 2025 Jul 21;43(8):sxaf026. doi: 10.1093/stmcls/sxaf026.","Smith N","Stem Cells","2025","2025/05/06","PMC12277962","","10.1093/stmcls/sxaf026"
"39477315","Comprehensive Clinicopathological and Immunohistochemical Analysis of Human Papillomavirus-independent Squamous Cell Carcinoma and Adenosquamous Carcinoma of the Uterine Cervix","Na JM, Kim HS.","Anticancer Res. 2024 Nov;44(11):4969-4981. doi: 10.21873/anticanres.17322.","Na JM","Anticancer Res","2024","2024/10/30","","","10.21873/anticanres.17322"
"40494876","Multi-omics analysis of canine aging markers and evaluation of stem cell intervention","Li B, Ding Y, Han M, Zhang Z, Ling Z, Zhu W, Zhao X, Zhang Y, Lv C, Li N, Liao M, Hua J.","Commun Biol. 2025 Jun 10;8(1):905. doi: 10.1038/s42003-025-08333-z.","Li B","Commun Biol","2025","2025/06/10","PMC12152182","","10.1038/s42003-025-08333-z"
"39450556","Quercetin ameliorates senescence and promotes osteogenesis of BMSCs by suppressing the repetitive element‑triggered RNA sensing pathway","Sun Y, Wang C, Wen L, Ling Z, Xia J, Cheng B, Peng J.","Int J Mol Med. 2025 Jan;55(1):4. doi: 10.3892/ijmm.2024.5445. Epub 2024 Oct 25.","Sun Y","Int J Mol Med","2025","2024/10/25","PMC11537266","","10.3892/ijmm.2024.5445"
"40716931","Cellular parabioisis as a senotherapeutic approach","Sencan S, Onaran I.","Adv Pharmacol. 2025;104:227-258. doi: 10.1016/bs.apha.2025.01.022. Epub 2025 Feb 26.","Sencan S","Adv Pharmacol","2025","2025/07/27","","","10.1016/bs.apha.2025.01.022"
"39695862","Glutamine-αKG axis affects dentin regeneration and regulates osteo/odontogenic differentiation of mesenchymal adult stem cells via IGF2 m6A modification","Tian Q, Gao S, Li S, Wan M, Zhou X, Du W, Zhou X, Zheng L, Zhou Y.","Stem Cell Res Ther. 2024 Dec 18;15(1):479. doi: 10.1186/s13287-024-04092-6.","Tian Q","Stem Cell Res Ther","2024","2024/12/19","PMC11657990","","10.1186/s13287-024-04092-6"
"40128456","Epigenetic editing at individual age-associated CpGs affects the genome-wide epigenetic aging landscape","Liesenfelder S, Elsafi Mabrouk MH, Iliescu J, Baranda MV, Mizi A, Perez-Correa JF, Wessiepe M, Papantonis A, Wagner W.","Nat Aging. 2025 Jun;5(6):997-1009. doi: 10.1038/s43587-025-00841-1. Epub 2025 Mar 24.","Liesenfelder S","Nat Aging","2025","2025/03/25","PMC12176646","","10.1038/s43587-025-00841-1"
"40437519","Clinical application of mesenchymal stem cells in immunosenescence: a qualitative review of their potential and challenges","Wang X, Guo D, He C, Wang X, Wei Y, Zhang F, Wang L, Yang Y.","Stem Cell Res Ther. 2025 May 28;16(1):265. doi: 10.1186/s13287-025-04360-z.","Wang X","Stem Cell Res Ther","2025","2025/05/28","PMC12121065","","10.1186/s13287-025-04360-z"
"39622349","Editorial Commentary: Cellular Senescence, Immune Targeting and Exosome Translational Research Requires Methodological Rigor","Gingery A.","Arthroscopy. 2025 Jun;41(6):1743-1744. doi: 10.1016/j.arthro.2024.11.078. Epub 2024 Nov 30.","Gingery A","Arthroscopy","2025","2024/12/02","","","10.1016/j.arthro.2024.11.078"
"40435818","Exosomal miR-574-3p from adipose-derived mesenchymal stem modulates CRIM1/BMPs signaling to restrain chondrocytes hypertrophy and inflammatory response in knee osteoarthritis","Kang J, Zhang L, Zhang L, Nan N, Liu Y, Hao H.","Int Immunopharmacol. 2025 Jun 26;159:114916. doi: 10.1016/j.intimp.2025.114916. Epub 2025 May 27.","Kang J","Int Immunopharmacol","2025","2025/05/28","","","10.1016/j.intimp.2025.114916"
"39213720","Feasibility of co-transplantation of umbilical cord blood and third-party mesenchymal stromal cells after (non)myeloablative conditioning in patients with hematological malignancies","Planken S, De Becker A, Kerre T, Schoemans H, Baron F, Graux C, Van Riet I, Lechanteur C, Baudoux E, Schots R, Beguin Y; Transplant Committee of the Belgian Hematology Society..","Curr Res Transl Med. 2024 Dec;72(4):103466. doi: 10.1016/j.retram.2024.103466. Epub 2024 Aug 17.","Planken S","Curr Res Transl Med","2024","2024/08/30","","","10.1016/j.retram.2024.103466"
"39515680","Wen-Shen-Tong-Luo-Zhi-Tong-Decoction inhibits bone loss in senile osteoporosis model mice by promoting testosterone production","Li M, Niu Y, Zhang T, Yang H, Tian L, Zhou S, Wumiti T, Sun J, Zhou Q, Zuo X, Gao T, Li J, Ma Y, Guo Y, Wang L.","J Ethnopharmacol. 2025 Feb 10;338(Pt 2):119033. doi: 10.1016/j.jep.2024.119033. Epub 2024 Nov 7.","Li M","J Ethnopharmacol","2025","2024/11/08","","","10.1016/j.jep.2024.119033"
"38747506","Genome-wide DNA Methylome and Transcriptome Profiling Reveals Key Genes Involved in the Dysregulation of Adipose Stem Cells in Crohn's Disease","Monfort-Ferré D, Boronat-Toscano A, Sánchez-Herrero JF, Caro A, Menacho M, Vañó-Segarra I, Martí M, Espina B, Pluvinet R, Cabrinety L, Abadia C, Ejarque M, Nuñez-Roa C, Maymo-Masip E, Sumoy L, Vendrell J, Fernández-Veledo S, Serena C.","J Crohns Colitis. 2024 Oct 15;18(10):1644-1659. doi: 10.1093/ecco-jcc/jjae072.","Monfort-Ferré D","J Crohns Colitis","2024","2024/05/15","","","10.1093/ecco-jcc/jjae072"
"40354696","Biodentine Counteracts the Aging Process of Human Dental Pulp Stem Cells Through Wnt/β-Catenin Pathway","Zhang Q, Cao S, Zhang M, Wu D, Zhang C, Li J.","Int Dent J. 2025 Aug;75(4):100819. doi: 10.1016/j.identj.2025.03.028. Epub 2025 May 11.","Zhang Q","Int Dent J","2025","2025/05/12","PMC12281842","","10.1016/j.identj.2025.03.028"
"39720856","Nuclear respiratory factor-1 (NRF1) induction as a powerful strategy to deter mitochondrial dysfunction and senescence in mesenchymal stem cells","Lee H, Massaro M, Abdelfattah N, Baudo G, Liu H, Yun K, Blanco E.","Aging Cell. 2025 Apr;24(4):e14446. doi: 10.1111/acel.14446. Epub 2024 Dec 25.","Lee H","Aging Cell","2025","2024/12/25","PMC11984659","","10.1111/acel.14446"
"40053388","PCBP2 as an intrinsic agi ng factor regulates the senescence of hBMSCs through the ROS-FGF2 signaling axis","Chen P, Li B, Lu Z, Xu Q, Zheng H, Jiang S, Jiang L, Zheng X.","Elife. 2025 Mar 7;13:RP92419. doi: 10.7554/eLife.92419.","Chen P","Elife","2025","2025/03/07","PMC11888601","","10.7554/eLife.92419"
"39647809","iPSC-derived mesenchymal stromal cells stimulate neovascularization less than their primary counterparts","Gonzalez-Rubio J, Zeevaert K, Buhl EM, Schedel M, Jockenhoevel S, Cornelissen CG, Wagner W, Thiebes AL.","Life Sci. 2025 Jan 15;361:123298. doi: 10.1016/j.lfs.2024.123298. Epub 2024 Dec 6.","Gonzalez-Rubio J","Life Sci","2025","2024/12/08","","","10.1016/j.lfs.2024.123298"
"40754989","An Immunomodulating Regenerating Hydrogel That Rescues the Oxidative Microenvironment and Reverses Cell Senescence for Osteoporotic Bone Defects","Wang W, Zhang X, Zhang L, Li Z, Wang L, Jiang X, Wu J, Zhou L, Guo Q, Huang Y, Wang W, Xi K, Storm G, Gu Y, Chen L.","ACS Nano. 2025 Aug 12;19(31):28353-28371. doi: 10.1021/acsnano.5c06549. Epub 2025 Aug 3.","Wang W","ACS Nano","2025","2025/08/04","","","10.1021/acsnano.5c06549"
"40050624","Inhibition of TGF-β signaling enhances osteogenic potential of iPSC-derived MSCs","Umrath F, Frick SL, Wendt V, Naros A, Zimmerer R, Alexander D.","Sci Rep. 2025 Mar 6;15(1):7814. doi: 10.1038/s41598-025-89370-w.","Umrath F","Sci Rep","2025","2025/03/06","PMC11885616","","10.1038/s41598-025-89370-w"
"39482810","Comparison of microneedling and CO(2) laser with adipose-derived stem cells for facial rejuvenation: a randomized split-face study","delaO-Escamilla A, Valdez-Zertuche JA, Lara-Arias J, Noyola-Pérez A, Villarreal-Martínez A, Chávez-Álvarez S, Cuéllar-Barboza A, Franco-Márquez R, Ocampo-Candiani J, Vázquez-Martínez OT.","Int J Dermatol. 2025 Apr;64(4):702-711. doi: 10.1111/ijd.17554. Epub 2024 Oct 31.","delaO-Escamilla A","Int J Dermatol","2025","2024/11/01","","","10.1111/ijd.17554"
"39939879","Engineered extracellular vesicles with sequential cell recruitment and osteogenic functions to effectively promote senescent bone repair","Qi L, Wang J, Yan J, Jiang W, Ge W, Fang X, Wang X, Shen SG, Liu L, Zhang L.","J Nanobiotechnology. 2025 Feb 12;23(1):107. doi: 10.1186/s12951-025-03168-6.","Qi L","J Nanobiotechnology","2025","2025/02/12","PMC11823168","","10.1186/s12951-025-03168-6"
"40312521","Phase separation of MRG15 delays cellular senescence","Li Y, Jin X, Yu C, Zuo M, Hong L, Wang M, Zhao C, Wu A, Wang J, Ju Z, Wang H.","Commun Biol. 2025 May 1;8(1):688. doi: 10.1038/s42003-025-08071-2.","Li Y","Commun Biol","2025","2025/05/01","PMC12046007","","10.1038/s42003-025-08071-2"
"39661729","MAM-STAT3-Driven Mitochondrial Ca(+2) Upregulation Contributes to Immunosenescence in Type A Mandibuloacral Dysplasia Patients","Padhiar AA, Yang X, Zaidi SAA, Li Z, Liao J, Shu W, Chishti AA, He L, Alam G, Faqeer A, Ali I, Zhang S, Wang T, Liu T, Zhou M, Wang G, Zhou Y, Zhou G.","Adv Sci (Weinh). 2025 Feb;12(5):e2407398. doi: 10.1002/advs.202407398. Epub 2024 Dec 11.","Padhiar AA","Adv Sci (Weinh)","2025","2024/12/11","PMC11791949","","10.1002/advs.202407398"
"39207345","Advancing immunomodulatory functions in mesenchymal stem/stromal cells through targeting the GATA6-mediated pathway","Lin EC, Davis MP, Lee MS, Ma G, Xu W, Chang YI, Li WJ.","Cytotherapy. 2025 Jan;27(1):85-97. doi: 10.1016/j.jcyt.2024.08.001. Epub 2024 Aug 8.","Lin EC","Cytotherapy","2025","2024/08/29","PMC11668624","NIHMS2015585","10.1016/j.jcyt.2024.08.001"
"40509557","Three-Dimensional Bioprinted Scaffolds Loaded with Multifunctional Magnesium-Based Metal-Organic Frameworks Improve the Senescence Microenvironment Prompting Aged Bone Defect Repair","Sun X, Xu X, Zhao X, Ma J, Wang T, Yue X, Sun X, Li X, Sun X, Zhang W, Zhang K, Zhang D, Zhao X, Jin W, Wang J.","ACS Nano. 2025 Jun 24;19(24):22141-22162. doi: 10.1021/acsnano.5c03023. Epub 2025 Jun 12.","Sun X","ACS Nano","2025","2025/06/13","","","10.1021/acsnano.5c03023"
"40452780","Adipose-Derived Stem Cell Products and Combination Therapies for the Treatment of Pathological Scars: A Review of Current Preclinical and Clinical Studies","Alfarafisa NM, Chou Y, Santika R, Riestiano BE, Soedjana H, Syamsunarno MRAA.","Clin Cosmet Investig Dermatol. 2025 May 27;18:1309-1337. doi: 10.2147/CCID.S511067. eCollection 2025.","Alfarafisa NM","Clin Cosmet Investig Dermatol","2025","2025/06/02","PMC12126117","","10.2147/CCID.S511067"
"40308887","L-arginine from elder human mesenchymal stem cells induces angiogenesis and enhances therapeutic effects on ischemic heart diseases","Li JZ, Zhan X, Sun HB, Chi C, Zhang GF, Liu DH, Zhang WX, Sun LH, Kang K.","World J Stem Cells. 2025 Apr 26;17(4):103314. doi: 10.4252/wjsc.v17.i4.103314.","Li JZ","World J Stem Cells","2025","2025/05/01","PMC12038462","","10.4252/wjsc.v17.i4.103314"
"40001171","Effects of mesenchymal stem cells from different sources on the biological functions of multiple myeloma cells","Li Y, Liu Y, Yang X, Yang B, Cheng J, Chen J, Yuan X, Xu X, Liu G, He Z, Wang F.","Stem Cell Res Ther. 2025 Feb 25;16(1):89. doi: 10.1186/s13287-025-04222-8.","Li Y","Stem Cell Res Ther","2025","2025/02/26","PMC11863895","","10.1186/s13287-025-04222-8"
"39089047","Running on empty: Exploring stem cell exhaustion in geriatric musculoskeletal disease","Lawton A, Tripodi N, Feehan J.","Maturitas. 2024 Oct;188:108066. doi: 10.1016/j.maturitas.2024.108066. Epub 2024 Jul 14.","Lawton A","Maturitas","2024","2024/08/01","","","10.1016/j.maturitas.2024.108066"
"40601066","Comparison of MSCs and Muse cells: the possible use for healthspan optimization","Dezawa M.","Biogerontology. 2025 Jul 2;26(4):139. doi: 10.1007/s10522-025-10275-2.","Dezawa M","Biogerontology","2025","2025/07/02","PMC12222320","","10.1007/s10522-025-10275-2"
"40459839","Protocols to Assess the Aging of Human Mesenchymal Stem Cells","Mavis M, Serakinci N.","Methods Mol Biol. 2025;2960:1-8. doi: 10.1007/7651_2025_631.","Mavis M","Methods Mol Biol","2025","2025/06/03","","","10.1007/7651_2025_631"
"39938633","EZH2 inhibits senescence-associated inflammation and attenuates intervertebral disc degeneration by regulating the cGAS/STING pathway via H3K27me3","Zheng J, Ma Z, Liu P, Wei J, Min S, Shan Y, Zhang J, Li Y, Xue L, Tan Z, Wang D.","Osteoarthritis Cartilage. 2025 May;33(5):548-559. doi: 10.1016/j.joca.2025.02.771. Epub 2025 Feb 10.","Zheng J","Osteoarthritis Cartilage","2025","2025/02/12","","","10.1016/j.joca.2025.02.771"
"40487240","3D-printed advanced scaffold armed with exosomes derived from human skeletal stem cell identified by single-cell RNA sequencing enhances osteochondral regeneration","Lou W, Qiu X, Qin Y, Lu Y, Cao Y, Lu H.","Bioact Mater. 2025 May 14;51:231-256. doi: 10.1016/j.bioactmat.2025.04.028. eCollection 2025 Sep.","Lou W","Bioact Mater","2025","2025/06/09","PMC12141848","","10.1016/j.bioactmat.2025.04.028"
"39823538","ABCA6 Regulates Chondrogenesis and Inhibits Joint Degeneration via Orchestrated Cholesterol Efflux and Cellular Senescence","Wang Y, Wu Q, You Y, Jiang W, Fu P, Dai K, Sun Y.","Adv Sci (Weinh). 2025 Mar;12(10):e2410414. doi: 10.1002/advs.202410414. Epub 2025 Jan 17.","Wang Y","Adv Sci (Weinh)","2025","2025/01/17","PMC11904997","","10.1002/advs.202410414"
"39703140","Comparative Analysis of the Therapeutic Potential of Extracellular Vesicles Secreted by Aged and Young Bone Marrow-Derived Mesenchymal Stem Cells in Osteoarthritis Pathogenesis","Wakale S, Chen Y, Sun AR, Liyanage C, Gunter J, Batra J, Crawford R, Sang H, Prasadam I.","Cell Prolif. 2025 Apr;58(4):e13776. doi: 10.1111/cpr.13776. Epub 2024 Dec 20.","Wakale S","Cell Prolif","2025","2024/12/20","PMC11969246","","10.1111/cpr.13776"
"40221600","Neuroimaging-derived biological brain age and its associations with glial reactivity and synaptic dysfunction cerebrospinal fluid biomarkers","Cumplido-Mayoral I, Sánchez-Benavides G, Vilor-Tejedor N, López-Martos D, Brugulat-Serrat A, Milà-Alomà M, Falcon C, Cacciaglia R, Minguillón C, Fauria K, Kollmorgen G, Quijano-Rubio C, Molinuevo JL, Grau-Rivera O, Suárez-Calvet M, Vilaplana V, Gispert JD; ALFA; ADNI study.","Mol Psychiatry. 2025 Aug;30(8):3718-3728. doi: 10.1038/s41380-025-02961-x. Epub 2025 Apr 12.","Cumplido-Mayoral I","Mol Psychiatry","2025","2025/04/12","PMC12240798","","10.1038/s41380-025-02961-x"
"39811069","The role of GATA4 in mesenchymal stem cell senescence: A new frontier in regenerative medicine","Babu MA, Jyothi S R, Kaur I, Kumar S, Sharma N, Kumar MR, Rajput P, Ali H, Gupta G, Subramaniyan V, Wong LS, Kumarasamy V.","Regen Ther. 2024 Dec 25;28:214-226. doi: 10.1016/j.reth.2024.11.017. eCollection 2025 Mar.","Babu MA","Regen Ther","2024","2025/01/15","PMC11731776","","10.1016/j.reth.2024.11.017"
"38979868","DNA Tetrahedron Delivering miR-21-5p Promotes Senescent Bone Defects Repair through Synergistic Regulation of Osteogenesis and Angiogenesis","Qi L, Hong S, Zhao T, Yan J, Ge W, Wang J, Fang X, Jiang W, Shen SG, Zhang L.","Adv Healthc Mater. 2024 Dec;13(30):e2401275. doi: 10.1002/adhm.202401275. Epub 2024 Jul 9.","Qi L","Adv Healthc Mater","2024","2024/07/09","","","10.1002/adhm.202401275"
"39257038","Sarcopenia in the era of precision health: Toward personalized interventions for healthy longevity","Chen LK.","J Chin Med Assoc. 2024 Nov 1;87(11):980-987. doi: 10.1097/JCMA.0000000000001164. Epub 2024 Sep 10.","Chen LK","J Chin Med Assoc","2024","2024/09/11","","","10.1097/JCMA.0000000000001164"
"40877877","Unveiling exosomes in combating skin aging: insights into resources, mechanisms and challenges","Liang C, Yi Y, Li J, Aghayants S, Chen X, Cao W, Zhang Q.","Stem Cell Res Ther. 2025 Aug 29;16(1):474. doi: 10.1186/s13287-025-04620-y.","Liang C","Stem Cell Res Ther","2025","2025/08/28","PMC12395928","","10.1186/s13287-025-04620-y"
"40070041","CPT1A Alleviates Senescence and Restores Osteogenic Differentiation of BM-MSC Through SOD2 Succinylation","Wang XY, Liu SC, Chen XX, Yan L, Li L, Le He G, Yang M, Liu ZK, Yin XH.","J Cell Mol Med. 2025 Mar;29(5):e70473. doi: 10.1111/jcmm.70473.","Wang XY","J Cell Mol Med","2025","2025/03/12","PMC11897055","","10.1111/jcmm.70473"
"40586481","Intravenous Transplantation of Autologous Adipose Tissue-Derived Mesenchymal Stem Cells and a Change in Chronic Pain","Mabuchi K, Takahashi Y, Iketani M, Okinaka Y, Satani S, Takesaka T, Akita T, Ishibashi A, Goto T, Kataoka Y, Taguchi A.","Stem Cells Dev. 2025 Aug;34(15-16):357-362. doi: 10.1089/scd.2025.0065. Epub 2025 Jun 30.","Mabuchi K","Stem Cells Dev","2025","2025/06/30","","","10.1089/scd.2025.0065"
"39768144","From Bench to Bedside: Translating Cellular Rejuvenation Therapies into Clinical Applications","Saliev T, Singh PB.","Cells. 2024 Dec 12;13(24):2052. doi: 10.3390/cells13242052.","Saliev T","Cells","2024","2025/01/08","PMC11674796","","10.3390/cells13242052"
"39633033","TIGAR coordinates senescence-associated secretory phenotype via lysosome repositioning and α-tubulin deacetylation","Nam HY, Park SH, Lee GH, Kim EY, Lee S, Chang HW, Chang EJ, Choi KC, Kim SW.","Exp Mol Med. 2024 Dec;56(12):2726-2738. doi: 10.1038/s12276-024-01362-4. Epub 2024 Dec 4.","Nam HY","Exp Mol Med","2024","2024/12/05","PMC11671532","","10.1038/s12276-024-01362-4"
"39871034","Adipose-derived stem cells regulate mitochondrial dynamics to alleviate the aging of HFF-1 cells","Luo Q, Liu L.","In Vitro Cell Dev Biol Anim. 2025 Mar;61(3):357-367. doi: 10.1007/s11626-025-01017-2. Epub 2025 Jan 27.","Luo Q","In Vitro Cell Dev Biol Anim","2025","2025/01/27","","","10.1007/s11626-025-01017-2"
"40742332","Nicotinamide Mononucleotide Alleviates Aging Defects in Hutchinson-Gilford Progeria Syndrome","Xu Y, Wu M, Fan Y, Zhang J, Xue D, Zhang M, Shao R, Cai L, Liao X, Zhang L, Zhang J.","FASEB J. 2025 Aug 15;39(15):e70875. doi: 10.1096/fj.202500469RR.","Xu Y","FASEB J","2025","2025/07/31","","","10.1096/fj.202500469RR"
"40407982","CCN Proteins as Matricellular Regulators of Bone in Aging and Disease","Abdul-Azees PA, Rajesh R, Block TJ, Dean DD, Yeh CK, Capitano M, Kacena M, Chen XD, Marinković M.","Curr Osteoporos Rep. 2025 May 23;23(1):23. doi: 10.1007/s11914-025-00915-4.","Abdul-Azees PA","Curr Osteoporos Rep","2025","2025/05/23","PMC12102002","","10.1007/s11914-025-00915-4"
"40205199","Plasma phospho-tau217 for Alzheimer's disease diagnosis in primary and secondary care using a fully automated platform","Palmqvist S, Warmenhoven N, Anastasi F, Pilotto A, Janelidze S, Tideman P, Stomrud E, Mattsson-Carlgren N, Smith R, Ossenkoppele R, Tan K, Dittrich A, Skoog I, Zetterberg H, Quaresima V, Tolassi C, Höglund K, Brugnoni D, Puig-Pijoan A, Fernández-Lebrero A, Contador J, Padovani A, Monane M, Verghese PB, Braunstein JB, Kern S, Blennow K, Ashton NJ, Suárez-Calvet M, Hansson O.","Nat Med. 2025 Jun;31(6):2036-2043. doi: 10.1038/s41591-025-03622-w. Epub 2025 Apr 9.","Palmqvist S","Nat Med","2025","2025/04/09","PMC12176611","","10.1038/s41591-025-03622-w"
"39973830","Adipose-derived stem cells exosomal circHIPK3 protects ovarian function by regulating MAPK signaling","Zhao W, Erhan D, Liu S, Zhang L, Hai C, Zhang Y, Li H, Wang H, Wang C.","Indian J Pharmacol. 2024 Nov 1;56(6):411-419. doi: 10.4103/ijp.ijp_499_24. Epub 2025 Feb 19.","Zhao W","Indian J Pharmacol","2024","2025/02/20","PMC11913337","","10.4103/ijp.ijp_499_24"
"40325895","Remodeling the Senescent Microenvironment for Promoting Osteoporotic Tendon-to-Bone Healing via Synergizing Senolytic Quercetin and Aligned Nanowire-Structured Hydrogels","Song W, Liu W, Li SY, Yu Y, Xu H, Shi T, Yu HP, He Y, Zhu YJ, Yu W.","ACS Nano. 2025 May 20;19(19):18364-18385. doi: 10.1021/acsnano.5c01332. Epub 2025 May 5.","Song W","ACS Nano","2025","2025/05/06","","","10.1021/acsnano.5c01332"
"39394673","Lipid peroxidation products induce carbonyl stress, mitochondrial dysfunction, and cellular senescence in human and murine cells","Monroe TB, Hertzel AV, Dickey DM, Hagen T, Santibanez SV, Berdaweel IA, Halley C, Puchalska P, Anderson EJ, Camell CD, Robbins PD, Bernlohr DA.","Aging Cell. 2025 Jan;24(1):e14367. doi: 10.1111/acel.14367. Epub 2024 Oct 11.","Monroe TB","Aging Cell","2025","2024/10/12","PMC11709094","","10.1111/acel.14367"
"40224958","Combination Therapy of Losartan and Fisetin Reduces Senescence and Enhances Osteogenesis in Human Bone Marrow-Derived Mesenchymal Stem Cells","Nishimura H, Murata Y, Mullen MT, Yamaura K, Singer J, Huard C, Lind DRG, Hambright WS, Bahney CS, Philippon MJ, Huard J.","J Tissue Eng Regen Med. 2025 Mar 19;2025:9187855. doi: 10.1155/term/9187855. eCollection 2025.","Nishimura H","J Tissue Eng Regen Med","2025","2025/04/14","PMC11944977","","10.1155/term/9187855"
"40542110","Age-related changes in the proteome and mitochondrial metabolism of rabbit adipose-derived stromal/stem cells","Toto Nienguesso A, Jung JS, Alfes M, Schindler M, Täubert L, Schmidt C, Navarrete Santos A.","Sci Rep. 2025 Jun 20;15(1):20183. doi: 10.1038/s41598-025-06030-9.","Toto Nienguesso A","Sci Rep","2025","2025/06/20","PMC12181353","","10.1038/s41598-025-06030-9"
"40346705","Terpenes: natural compounds found in plants as potential senotherapeutics targeting senescent mesenchymal stromal cells and promoting apoptosis","Mazzone V, Alessio N, Aprile D, Galano G, De Rosa R, Schiraldi C, Di Bernardo G, Galderisi U.","Stem Cell Res Ther. 2025 May 9;16(1):231. doi: 10.1186/s13287-025-04310-9.","Mazzone V","Stem Cell Res Ther","2025","2025/05/09","PMC12065172","","10.1186/s13287-025-04310-9"
"39531065","Antineoplastic therapy affects the in vitro phenotype and functionality of healthy human bone marrow-derived mesenchymal stromal cells","Scherer B, Bogun L, Koch A, Jäger P, Maus U, Schmitt L, Krings KS, Wesselborg S, Haas R, Schroeder T, Geyh S.","Arch Toxicol. 2025 Jan;99(1):393-406. doi: 10.1007/s00204-024-03898-w. Epub 2024 Nov 12.","Scherer B","Arch Toxicol","2025","2024/11/12","PMC11742341","","10.1007/s00204-024-03898-w"
"39683913","Quercetin and Mesenchymal Stem Cell Metabolism: A Comparative Analysis of Young and Senescent States","Ivan A, Lukinich-Gruia AT, Cristea IM, Pricop MA, Calma CL, Simina AG, Tatu CA, Galuscan A, Păunescu V.","Molecules. 2024 Dec 5;29(23):5755. doi: 10.3390/molecules29235755.","Ivan A","Molecules","2024","2024/12/17","PMC11643090","","10.3390/molecules29235755"
"39190057","Single cell, Label free Characterisation of Human Mesenchymal Stromal cell Stemness and Future Growth Potential by Autofluorescence Multispectral Imaging","Campbell JM, Habibalahi A, Agha A, Handley S, Knab A, Xu X, Bhargava A, Lei Z, Mackevicius M, Tian Y, Mahbub SB, Anwer AG, Gronthos S, Paton S, Grey ST, Wu L, Gilchrist RB, Goldys EM.","Stem Cell Rev Rep. 2024 Nov;20(8):2283-2292. doi: 10.1007/s12015-024-10778-4. Epub 2024 Aug 27.","Campbell JM","Stem Cell Rev Rep","2024","2024/08/27","PMC11554749","","10.1007/s12015-024-10778-4"
"40180273","Preconditioning and post-preconditioning states of mesenchymal stem cells with deferoxamine: A comprehensive analysis","Isildar B, Ozkan S, Neccar D, Koyuturk M.","Eur J Pharmacol. 2025 Jun 5;996:177574. doi: 10.1016/j.ejphar.2025.177574. Epub 2025 Apr 1.","Isildar B","Eur J Pharmacol","2025","2025/04/03","","","10.1016/j.ejphar.2025.177574"
